2026-07-12 05:46:43,222 [INFO] NEMESIS demarre sur i686 (32-bit, Python 3.13.5) (mem: 745/1978 MB)
2026-07-12 05:46:44,012 [INFO] [window] Fenetre trouvee: Z.ai - Advanced AI Chatbot & Agent powered by GLM-5.2 — Mozi (ID: 20971580)
2026-07-12 05:46:44,392 [INFO] NEMESIS demarre sur i686 (32-bit, Python 3.13.5) (mem: 736/1978 MB)
NEMESIS demarre sur i686 (32-bit, Python 3.13.5) (mem: 736/1978 MB)
============================================================
  NEMESIS API v1.5.4
  http://localhost:5000
============================================================
  Architecture: i686 (32-bit, Python 3.13.5)
  Memoire: 736 MB dispo / 1978 MB total
  Pages calibrees: []
  Logs: /home/leon/Téléchargements/nemesis-api-v1.5.4/nemesis-api/logs/nemesis.log
  Configs: /home/leon/Téléchargements/nemesis-api-v1.5.4/nemesis-api/configs.json
============================================================
 * Serving Flask app 'server'
 * Debug mode: off
Address already in use
Port 5000 is in use by another program. Either identify and stop that program, or start the server with a different port.
2026-07-12 05:47:58,083 [INFO] [register_page] Config sauvegardee pour chat_deepseek_com: {'input_click': [403, 524], 'send_click': [1127, 589], 'copy_zone': [402, 446], 'wait_time': 8}
2026-07-12 05:47:58,084 [INFO] [save_configs] 1 configs sauvegardees
2026-07-12 05:48:17,628 [INFO] [register_page] Config sauvegardee pour chat_deepseek_com: {'input_click': [403, 524], 'send_click': [1127, 589], 'copy_zone': [402, 446], 'wait_time': 8}
2026-07-12 05:48:17,632 [INFO] [save_configs] 1 configs sauvegardees
2026-07-12 05:49:09,404 [INFO] [worker] Demarrage pour chat_deepseek_com
2026-07-12 05:49:09,405 [INFO] [ensure_worker] Worker cree pour chat_deepseek_com
2026-07-12 05:49:09,406 [INFO] [worker] Execution tache chatcmpl-10ce4130840b488d8962aa0f sur chat_deepseek_com
2026-07-12 05:49:09,406 [INFO] [execute] page=chat_deepseek_com task=chatcmpl-10ce4130840b488d8962aa0f prompt='Salut'
2026-07-12 05:49:09,422 [INFO] [execute] Fenetre ID: 20971580
2026-07-12 05:49:09,423 [INFO] [execute] Clic saisie: 403,524
2026-07-12 05:49:09,433 [INFO] [click] Absolu: 403,624
2026-07-12 05:49:10,155 [INFO] [execute] Collage prompt
2026-07-12 05:49:10,156 [INFO] [type] Collage: Salut...
2026-07-12 05:49:15,325 [WARNING] [subprocess] timeout: ['xclip', '-selection', 'c']
2026-07-12 05:49:15,325 [ERROR] [type] xclip copy a echoue
2026-07-12 05:49:20,633 [WARNING] [subprocess] timeout: ['xclip', '-selection', 'c']
2026-07-12 06:22:25,025 [INFO] [resolve] Auto-detect: chat_deepseek_com depuis 'Bonjour - DeepSeek — Mozilla Firefox'
2026-07-12 06:22:25,027 [INFO] [worker] Execution tache task_7abf8fb45dea sur chat_deepseek_com
2026-07-12 06:22:25,028 [INFO] [execute] page=chat_deepseek_com task=task_7abf8fb45dea prompt='1+1=?'
2026-07-12 06:22:25,068 [INFO] [execute] Fenetre ID: 20971580
2026-07-12 06:22:25,069 [INFO] [execute] Clic saisie: 403,524
2026-07-12 06:22:25,077 [INFO] [click] Absolu: 403,624
2026-07-12 06:22:25,810 [INFO] [execute] Collage prompt
2026-07-12 06:22:25,810 [INFO] [type] Collage: 1+1=?...
2026-07-12 06:22:31,003 [WARNING] [subprocess] timeout: ['xclip', '-selection', 'c']
2026-07-12 06:22:31,005 [ERROR] [type] xclip copy a echoue
2026-07-12 06:22:36,314 [WARNING] [subprocess] timeout: ['xclip', '-selection', 'c']
2026-07-12 06:22:45,129 [INFO] [resolve] Auto-detect: chat_deepseek_com depuis 'Bonjour - DeepSeek — Mozilla Firefox'
2026-07-12 06:22:45,130 [INFO] [worker] Execution tache task_3ab04d73453e sur chat_deepseek_com
2026-07-12 06:22:45,132 [INFO] [execute] page=chat_deepseek_com task=task_3ab04d73453e prompt='1+1=?'
2026-07-12 06:22:45,149 [INFO] [execute] Fenetre ID: 20971580
2026-07-12 06:22:45,150 [INFO] [execute] Clic saisie: 403,524
2026-07-12 06:22:45,151 [INFO] [click] Absolu: 403,624
2026-07-12 06:22:45,877 [INFO] [execute] Collage prompt
2026-07-12 06:22:45,877 [INFO] [type] Collage: 1+1=?...
2026-07-12 06:22:51,044 [WARNING] [subprocess] timeout: ['xclip', '-selection', 'c']
2026-07-12 06:22:51,046 [ERROR] [type] xclip copy a echoue
2026-07-12 06:22:56,353 [WARNING] [subprocess] timeout: ['xclip', '-selection', 'c']
2026-07-12 06:28:32,724 [INFO] [load_configs] 1 configs chargees: ['chat_deepseek_com']
2026-07-12 06:28:32,784 [INFO] NEMESIS demarre sur i686 (32-bit, Python 3.13.5) (mem: 836/1978 MB)
2026-07-12 06:29:20,277 [INFO] [worker] Execution tache chatcmpl-555d31faaa4f414c8d04443c sur chat_deepseek_com
2026-07-12 06:29:20,278 [INFO] [execute] page=chat_deepseek_com task=chatcmpl-555d31faaa4f414c8d04443c prompt='Salut'
2026-07-12 06:29:20,286 [INFO] [execute] Fenetre ID: 20971580
2026-07-12 06:29:20,287 [INFO] [execute] Clic saisie: 403,524
2026-07-12 06:29:20,295 [INFO] [click] Absolu: 403,624
2026-07-12 06:29:21,009 [INFO] [execute] Collage prompt
2026-07-12 06:29:21,010 [INFO] [type] Collage: Salut...
2026-07-12 06:29:26,191 [WARNING] [subprocess] timeout: ['xclip', '-selection', 'c']
2026-07-12 06:29:26,192 [ERROR] [type] xclip copy a echoue
2026-07-12 06:29:31,499 [WARNING] [subprocess] timeout: ['xclip', '-selection', 'c']
2026-07-12 06:29:40,852 [INFO] [register_page] Config sauvegardee pour chat_deepseek_com: {'input_click': [403, 524], 'send_click': [1127, 589], 'copy_zone': [402, 446], 'wait_time': 8}
2026-07-12 06:29:40,856 [INFO] [save_configs] 1 configs sauvegardees
2026-07-12 06:30:26,339 [INFO] [register_page] Config sauvegardee pour chat_deepseek_com: {'input_click': [401, 528], 'send_click': [1127, 590], 'copy_zone': [401, 449], 'wait_time': 8}
2026-07-12 06:30:26,343 [INFO] [save_configs] 1 configs sauvegardees
2026-07-12 06:30:32,003 [INFO] [worker] Execution tache chatcmpl-0c5930d6c056454791f8a358 sur chat_deepseek_com
2026-07-12 06:30:32,004 [INFO] [execute] page=chat_deepseek_com task=chatcmpl-0c5930d6c056454791f8a358 prompt='Salut'
2026-07-12 06:30:32,012 [INFO] [execute] Fenetre ID: 20971580
2026-07-12 06:30:32,013 [INFO] [execute] Clic saisie: 401,528
2026-07-12 06:30:32,021 [INFO] [click] Absolu: 401,628
2026-07-12 06:30:32,743 [INFO] [execute] Collage prompt
2026-07-12 06:30:32,744 [INFO] [type] Collage: Salut...
2026-07-12 06:30:37,913 [WARNING] [subprocess] timeout: ['xclip', '-selection', 'c']
2026-07-12 06:30:37,914 [ERROR] [type] xclip copy a echoue
2026-07-12 06:30:43,219 [WARNING] [subprocess] timeout: ['xclip', '-selection', 'c']
2026-07-12 06:50:45,553 [INFO] [resolve] Auto-detect: chat_deepseek_com depuis 'Bonjour - DeepSeek — Mozilla Firefox'
2026-07-12 06:50:45,554 [INFO] [worker] Execution tache task_91bf33fdef21 sur chat_deepseek_com
2026-07-12 06:50:45,556 [INFO] [execute] page=chat_deepseek_com task=task_91bf33fdef21 prompt='Salut'
2026-07-12 06:50:45,572 [INFO] [execute] Fenetre ID: 20971580
2026-07-12 06:50:45,573 [INFO] [execute] Clic saisie: 401,528
2026-07-12 06:50:45,581 [INFO] [click] Absolu: 401,628
2026-07-12 06:50:46,310 [INFO] [execute] Collage prompt
2026-07-12 06:50:46,310 [INFO] [type] Collage: Salut...
2026-07-12 06:50:51,476 [WARNING] [subprocess] timeout: ['xclip', '-selection', 'c']
2026-07-12 06:50:51,478 [ERROR] [type] xclip copy a echoue
2026-07-12 06:50:56,784 [WARNING] [subprocess] timeout: ['xclip', '-selection', 'c']
2026-07-12 06:54:40,810 [INFO] [load_configs] 1 configs chargees: ['chat_deepseek_com']
2026-07-12 06:54:40,893 [INFO] NEMESIS demarre sur i686 (32-bit, Python 3.13.5) (mem: 763/1978 MB)
2026-07-12 06:54:42,917 [INFO] [window] Fenetre trouvee: Bonjour - DeepSeek — Mozilla Firefox (ID: 20971580)
2026-07-12 06:55:14,874 [INFO] [resolve] Auto-detect: chat_deepseek_com depuis 'Bonjour - DeepSeek — Mozilla Firefox'
2026-07-12 06:55:14,875 [INFO] [worker] Demarrage pour chat_deepseek_com
2026-07-12 06:55:14,876 [INFO] [ensure_worker] Worker cree pour chat_deepseek_com
2026-07-12 06:55:14,889 [INFO] [worker] Execution tache task_fa5ec9ddcc00 sur chat_deepseek_com
2026-07-12 06:55:14,890 [INFO] [execute] page=chat_deepseek_com task=task_fa5ec9ddcc00 prompt='Salut'
2026-07-12 06:55:14,914 [INFO] [execute] Fenetre ID: 20971580
2026-07-12 06:55:14,916 [INFO] [execute] Clic saisie: 401,528
2026-07-12 06:55:14,948 [INFO] [click] Absolu: 401,628
2026-07-12 06:55:15,684 [INFO] [execute] Collage prompt
2026-07-12 06:55:20,692 [WARNING] [subprocess] timeout: ['xclip', '-selection', 'c', '-i', '/tmp/tmpigkds4mr.txt']
2026-07-12 06:55:20,793 [INFO] [type] Collage: Salut...
2026-07-12 06:55:20,989 [INFO] [type] Collage OK
2026-07-12 06:55:21,291 [INFO] [execute] Clic send: 1127,590
2026-07-12 06:55:21,291 [INFO] [click] Absolu: 1127,690
2026-07-12 06:55:24,513 [INFO] [execute] Tentative copy 1/12...
2026-07-12 06:55:24,513 [INFO] [click] Absolu: 401,549
2026-07-12 06:55:27,885 [INFO] [execute] Tentative copy 2/12...
2026-07-12 06:55:27,885 [INFO] [click] Absolu: 401,549
2026-07-12 06:55:31,252 [INFO] [execute] Tentative copy 3/12...
2026-07-12 06:55:31,253 [INFO] [click] Absolu: 401,549
2026-07-12 06:55:34,639 [INFO] [execute] Tentative copy 4/12...
2026-07-12 06:55:34,639 [INFO] [click] Absolu: 401,549
2026-07-12 06:55:38,025 [INFO] [execute] Tentative copy 5/12...
2026-07-12 06:55:38,026 [INFO] [click] Absolu: 401,549
2026-07-12 06:55:41,410 [INFO] [execute] Tentative copy 6/12...
2026-07-12 06:55:41,411 [INFO] [click] Absolu: 401,549
2026-07-12 06:55:44,820 [INFO] [execute] Tentative copy 7/12...
2026-07-12 06:55:44,820 [INFO] [click] Absolu: 401,549
2026-07-12 06:55:48,209 [INFO] [execute] Tentative copy 8/12...
2026-07-12 06:55:48,225 [INFO] [click] Absolu: 401,549
2026-07-12 06:55:51,608 [INFO] [execute] Tentative copy 9/12...
2026-07-12 06:55:51,609 [INFO] [click] Absolu: 401,549
2026-07-12 06:55:54,992 [INFO] [execute] Tentative copy 10/12...
2026-07-12 06:55:54,993 [INFO] [click] Absolu: 401,549
2026-07-12 06:55:58,411 [INFO] [execute] Tentative copy 11/12...
2026-07-12 06:55:58,412 [INFO] [click] Absolu: 401,549
2026-07-12 06:58:36,396 [INFO] [worker] Execution tache chatcmpl-3629de3d04dd4cb1be9adac8 sur chat_deepseek_com
2026-07-12 06:58:36,397 [INFO] [execute] page=chat_deepseek_com task=chatcmpl-3629de3d04dd4cb1be9adac8 prompt='Salut'
2026-07-12 06:58:36,405 [INFO] [execute] Fenetre ID: 20971580
2026-07-12 06:58:36,406 [INFO] [execute] Clic saisie: 401,528
2026-07-12 06:58:36,414 [INFO] [click] Absolu: 401,628
2026-07-12 06:58:37,132 [INFO] [execute] Collage prompt
2026-07-12 06:58:42,138 [WARNING] [subprocess] timeout: ['xclip', '-selection', 'c', '-i', '/tmp/tmps3vf50kv.txt']
2026-07-12 06:58:42,240 [INFO] [type] Collage: Salut...
2026-07-12 06:58:42,430 [INFO] [type] Collage OK
2026-07-12 06:58:42,732 [INFO] [execute] Clic send: 1127,590
2026-07-12 06:58:42,732 [INFO] [click] Absolu: 1127,690
2026-07-12 06:58:45,957 [INFO] [execute] Tentative copy 1/12...
2026-07-12 06:58:45,957 [INFO] [click] Absolu: 401,549
2026-07-12 06:58:49,329 [INFO] [execute] Tentative copy 2/12...
2026-07-12 06:58:49,329 [INFO] [click] Absolu: 401,549
2026-07-12 06:58:52,715 [INFO] [execute] Tentative copy 3/12...
2026-07-12 06:58:52,716 [INFO] [click] Absolu: 401,549
2026-07-12 06:58:56,107 [INFO] [execute] Tentative copy 4/12...
2026-07-12 06:58:56,107 [INFO] [click] Absolu: 401,549
2026-07-12 06:58:59,482 [INFO] [execute] Tentative copy 5/12...
2026-07-12 06:58:59,483 [INFO] [click] Absolu: 401,549
2026-07-12 06:59:02,849 [INFO] [execute] Tentative copy 6/12...
2026-07-12 06:59:02,850 [INFO] [click] Absolu: 401,549
2026-07-12 06:59:06,222 [INFO] [execute] Tentative copy 7/12...
2026-07-12 06:59:06,222 [INFO] [click] Absolu: 401,549
2026-07-12 06:59:07,106 [INFO] [execute] Reponse (xdotool) apres 30709ms
2026-07-12 06:59:17,582 [INFO] [worker] Execution tache chatcmpl-9ad37b3e11e64bfa8db05ffc sur chat_deepseek_com
2026-07-12 06:59:17,583 [INFO] [execute] page=chat_deepseek_com task=chatcmpl-9ad37b3e11e64bfa8db05ffc prompt='Salut'
2026-07-12 06:59:17,591 [INFO] [execute] Fenetre ID: 20971580
2026-07-12 06:59:17,592 [INFO] [execute] Clic saisie: 401,528
2026-07-12 06:59:17,600 [INFO] [click] Absolu: 401,628
2026-07-12 06:59:18,318 [INFO] [execute] Collage prompt
2026-07-12 06:59:23,326 [WARNING] [subprocess] timeout: ['xclip', '-selection', 'c', '-i', '/tmp/tmp2_x8499p.txt']
2026-07-12 06:59:23,429 [INFO] [type] Collage: Salut...
2026-07-12 06:59:23,624 [INFO] [type] Collage OK
2026-07-12 06:59:23,925 [INFO] [execute] Clic send: 1127,590
2026-07-12 06:59:23,925 [INFO] [click] Absolu: 1127,690
2026-07-12 06:59:27,146 [INFO] [execute] Tentative copy 1/12...
2026-07-12 06:59:27,146 [INFO] [click] Absolu: 401,549
2026-07-12 06:59:30,523 [INFO] [execute] Tentative copy 2/12...
2026-07-12 06:59:30,523 [INFO] [click] Absolu: 401,549
2026-07-12 06:59:33,908 [INFO] [execute] Tentative copy 3/12...
2026-07-12 06:59:33,909 [INFO] [click] Absolu: 401,549
2026-07-12 06:59:37,292 [INFO] [execute] Tentative copy 4/12...
2026-07-12 06:59:37,293 [INFO] [click] Absolu: 401,549
2026-07-12 06:59:40,682 [INFO] [execute] Tentative copy 5/12...
2026-07-12 06:59:40,683 [INFO] [click] Absolu: 401,549
2026-07-12 06:59:44,071 [INFO] [execute] Tentative copy 6/12...
2026-07-12 06:59:44,072 [INFO] [click] Absolu: 401,549
2026-07-12 06:59:47,476 [INFO] [execute] Tentative copy 7/12...
2026-07-12 06:59:47,477 [INFO] [click] Absolu: 401,549
2026-07-12 06:59:50,864 [INFO] [execute] Tentative copy 8/12...
2026-07-12 06:59:50,880 [INFO] [click] Absolu: 401,549
2026-07-12 06:59:54,272 [INFO] [execute] Tentative copy 9/12...
2026-07-12 06:59:54,272 [INFO] [click] Absolu: 401,549
2026-07-12 06:59:57,660 [INFO] [execute] Tentative copy 10/12...
2026-07-12 06:59:57,660 [INFO] [click] Absolu: 401,549
2026-07-12 07:00:01,062 [INFO] [execute] Tentative copy 11/12...
2026-07-12 07:00:01,063 [INFO] [click] Absolu: 401,549
2026-07-12 07:03:19,475 [INFO] [load_configs] 1 configs chargees: ['chat_deepseek_com']
2026-07-12 07:03:19,529 [INFO] NEMESIS demarre sur i686 (32-bit, Python 3.13.5) (mem: 716/1978 MB)
2026-07-12 07:03:23,731 [INFO] [worker] Demarrage pour chat_deepseek_com
2026-07-12 07:03:23,731 [INFO] [ensure_worker] Worker cree pour chat_deepseek_com
2026-07-12 07:03:23,736 [INFO] [worker] Execution tache chatcmpl-5ca2e48c676c4ef88d82ccef sur chat_deepseek_com
2026-07-12 07:03:23,738 [INFO] [execute] page=chat_deepseek_com task=chatcmpl-5ca2e48c676c4ef88d82ccef prompt='Salut'
2026-07-12 07:03:23,891 [INFO] [window] Fenetre trouvee: Bonjour - DeepSeek — Mozilla Firefox (ID: 20971580)
2026-07-12 07:03:23,892 [INFO] [execute] Fenetre ID: 20971580
2026-07-12 07:03:23,893 [INFO] [execute] Clic saisie: 401,528
2026-07-12 07:03:23,909 [INFO] [click] Absolu: 401,628
2026-07-12 07:03:24,654 [INFO] [execute] Collage prompt
2026-07-12 07:03:29,657 [WARNING] [subprocess] timeout: ['xclip', '-selection', 'c', '-i', '/tmp/tmpv8coku6g.txt']
2026-07-12 07:03:29,759 [INFO] [type] Collage: Salut...
2026-07-12 07:03:29,951 [INFO] [type] Collage OK
2026-07-12 07:03:30,253 [INFO] [execute] Clic send: 1127,590
2026-07-12 07:03:30,254 [INFO] [click] Absolu: 1127,690
2026-07-12 07:03:33,471 [INFO] [execute] Tentative copy 1/12...
2026-07-12 07:03:33,472 [INFO] [click] Absolu: 401,549
2026-07-12 07:03:37,041 [INFO] [execute] Tentative copy 2/12...
2026-07-12 07:03:37,042 [INFO] [click] Absolu: 401,549
2026-07-12 07:03:40,619 [INFO] [execute] Tentative copy 3/12...
2026-07-12 07:03:40,620 [INFO] [click] Absolu: 401,549
2026-07-12 07:03:44,206 [INFO] [execute] Tentative copy 4/12...
2026-07-12 07:03:44,206 [INFO] [click] Absolu: 401,549
2026-07-12 07:03:47,799 [INFO] [execute] Tentative copy 5/12...
2026-07-12 07:03:47,800 [INFO] [click] Absolu: 401,549
2026-07-12 07:03:51,382 [INFO] [execute] Tentative copy 6/12...
2026-07-12 07:03:51,383 [INFO] [click] Absolu: 401,549
2026-07-12 07:03:54,967 [INFO] [execute] Tentative copy 7/12...
2026-07-12 07:03:54,980 [INFO] [click] Absolu: 401,549
2026-07-12 07:03:58,552 [INFO] [execute] Tentative copy 8/12...
2026-07-12 07:03:58,553 [INFO] [click] Absolu: 401,549
2026-07-12 07:04:02,135 [INFO] [execute] Tentative copy 9/12...
2026-07-12 07:04:02,135 [INFO] [click] Absolu: 401,549
2026-07-12 07:04:03,211 [INFO] [execute] Reponse (xdotool) apres 39473ms
2026-07-12 07:04:15,254 [INFO] [register_page] Config sauvegardee pour chat_deepseek_com: {'input_click': [401, 528], 'send_click': [1127, 590], 'copy_zone': [401, 446], 'wait_time': 8}
2026-07-12 07:04:15,258 [INFO] [save_configs] 1 configs sauvegardees
2026-07-12 07:04:33,251 [INFO] [worker] Execution tache chatcmpl-ce1972ed708d4ebea9c3134d sur chat_deepseek_com
2026-07-12 07:04:33,252 [INFO] [execute] page=chat_deepseek_com task=chatcmpl-ce1972ed708d4ebea9c3134d prompt='done la vitesse de la lumière'
2026-07-12 07:04:33,262 [INFO] [execute] Fenetre ID: 20971580
2026-07-12 07:04:33,263 [INFO] [execute] Clic saisie: 401,528
2026-07-12 07:04:33,271 [INFO] [click] Absolu: 401,628
2026-07-12 07:04:34,002 [INFO] [execute] Collage prompt
2026-07-12 07:04:39,009 [WARNING] [subprocess] timeout: ['xclip', '-selection', 'c', '-i', '/tmp/tmpv91f1ys6.txt']
2026-07-12 07:04:39,109 [INFO] [type] Collage: done la vitesse de la lumière...
2026-07-12 07:04:39,304 [INFO] [type] Collage OK
2026-07-12 07:04:39,606 [INFO] [execute] Clic send: 1127,590
2026-07-12 07:04:39,606 [INFO] [click] Absolu: 1127,690
2026-07-12 07:04:42,832 [INFO] [execute] Tentative copy 1/12...
2026-07-12 07:04:42,833 [INFO] [click] Absolu: 401,546
2026-07-12 07:04:46,387 [INFO] [execute] Tentative copy 2/12...
2026-07-12 07:04:46,387 [INFO] [click] Absolu: 401,546
2026-07-12 07:04:47,462 [INFO] [execute] Reponse (xdotool) apres 14209ms
2026-07-12 07:11:22,451 [INFO] [load_configs] 1 configs chargees: ['chat_deepseek_com']
2026-07-12 07:11:22,510 [INFO] NEMESIS demarre sur i686 (32-bit, Python 3.13.5) (mem: 590/1978 MB)
2026-07-12 07:11:22,947 [INFO] [window] Fenetre trouvee: Qui es-tu? - Kimi — Mozilla Firefox (ID: 20971580)
2026-07-12 07:12:45,926 [INFO] [register_page] Config sauvegardee pour www_kimi_com: {'input_click': [286, 531], 'send_click': [994, 603], 'copy_zone': [315, 444], 'wait_time': 8}
2026-07-12 07:12:45,932 [INFO] [save_configs] 2 configs sauvegardees
2026-07-12 07:14:27,237 [INFO] [register_page] Config sauvegardee pour www_kimi_com: {'input_click': [286, 531], 'send_click': [994, 603], 'copy_zone': [315, 444], 'wait_time': 8}
2026-07-12 07:14:27,252 [INFO] [save_configs] 2 configs sauvegardees
2026-07-12 07:15:31,079 [INFO] [resolve] Auto-detect: www_kimi_com depuis 'Qui es-tu? - Kimi — Mozilla Firefox'
2026-07-12 07:15:31,080 [INFO] [worker] Demarrage pour www_kimi_com
2026-07-12 07:15:31,080 [INFO] [ensure_worker] Worker cree pour www_kimi_com
2026-07-12 07:15:31,090 [INFO] [worker] Execution tache task_522439346ca7 sur www_kimi_com
2026-07-12 07:15:31,093 [INFO] [execute] page=www_kimi_com task=task_522439346ca7 prompt='Salut'
2026-07-12 07:15:31,122 [INFO] [execute] Fenetre ID: 20971580
2026-07-12 07:15:31,123 [INFO] [execute] Clic saisie: 286,531
2026-07-12 07:15:31,145 [INFO] [click] Absolu: 286,631
2026-07-12 07:15:31,881 [INFO] [execute] Collage prompt
2026-07-12 07:15:33,039 [INFO] [type] Collage: Salut...
2026-07-12 07:15:33,227 [INFO] [type] Collage OK
2026-07-12 07:15:33,527 [INFO] [execute] Clic send: 994,603
2026-07-12 07:15:33,528 [INFO] [click] Absolu: 994,703
2026-07-12 07:15:36,747 [INFO] [execute] Tentative copy 1/12...
2026-07-12 07:15:36,748 [INFO] [click] Absolu: 315,544
2026-07-12 07:15:37,816 [INFO] [execute] Reponse (xdotool) apres 6721ms
2026-07-12 07:16:31,843 [INFO] [register_page] Config sauvegardee pour www_kimi_com: {'input_click': [286, 531], 'send_click': [994, 603], 'copy_zone': [313, 439], 'wait_time': 8}
2026-07-12 07:16:31,849 [INFO] [save_configs] 2 configs sauvegardees
2026-07-12 07:16:51,821 [INFO] [resolve] Auto-detect: www_kimi_com depuis 'Qui es-tu? - Kimi — Mozilla Firefox'
2026-07-12 07:16:51,822 [INFO] [worker] Execution tache task_06be88dbc5df sur www_kimi_com
2026-07-12 07:16:51,826 [INFO] [execute] page=www_kimi_com task=task_06be88dbc5df prompt='1+1'
2026-07-12 07:16:51,869 [INFO] [execute] Fenetre ID: 20971580
2026-07-12 07:16:51,870 [INFO] [execute] Clic saisie: 286,531
2026-07-12 07:16:51,903 [INFO] [click] Absolu: 286,631
2026-07-12 07:16:52,641 [INFO] [execute] Collage prompt
2026-07-12 07:16:57,647 [WARNING] [subprocess] timeout: ['xclip', '-selection', 'c', '-i', '/tmp/tmpti9ip03u.txt']
2026-07-12 07:16:57,749 [INFO] [type] Collage: 1+1...
2026-07-12 07:16:57,931 [INFO] [type] Collage OK
2026-07-12 07:16:58,232 [INFO] [execute] Clic send: 994,603
2026-07-12 07:16:58,233 [INFO] [click] Absolu: 994,703
2026-07-12 07:17:01,449 [INFO] [execute] Tentative copy 1/12...
2026-07-12 07:17:01,450 [INFO] [click] Absolu: 313,539
2026-07-12 07:17:05,013 [INFO] [execute] Tentative copy 2/12...
2026-07-12 07:17:05,015 [INFO] [click] Absolu: 313,539
2026-07-12 07:17:08,579 [INFO] [execute] Tentative copy 3/12...
2026-07-12 07:17:08,579 [INFO] [click] Absolu: 313,539
2026-07-12 07:17:09,638 [INFO] [execute] Reponse (xdotool) apres 17812ms
2026-07-12 07:19:26,627 [INFO] [worker] Execution tache chatcmpl-297a105639054adea9d2019a sur www_kimi_com
2026-07-12 07:19:26,627 [INFO] [execute] page=www_kimi_com task=chatcmpl-297a105639054adea9d2019a prompt='donne la vitesse de la lumiere'
2026-07-12 07:19:26,639 [INFO] [execute] Fenetre ID: 20971580
2026-07-12 07:19:26,640 [INFO] [execute] Clic saisie: 286,531
2026-07-12 07:19:26,659 [INFO] [click] Absolu: 286,631
2026-07-12 07:19:27,382 [INFO] [execute] Collage prompt
2026-07-12 07:19:32,389 [WARNING] [subprocess] timeout: ['xclip', '-selection', 'c', '-i', '/tmp/tmp5a_0pyec.txt']
2026-07-12 07:19:32,489 [INFO] [type] Collage: donne la vitesse de la lumiere...
2026-07-12 07:19:32,674 [INFO] [type] Collage OK
2026-07-12 07:19:32,974 [INFO] [execute] Clic send: 994,603
2026-07-12 07:19:32,975 [INFO] [click] Absolu: 994,703
2026-07-12 07:19:36,191 [INFO] [execute] Tentative copy 1/12...
2026-07-12 07:19:36,192 [INFO] [click] Absolu: 313,539
2026-07-12 07:19:39,750 [INFO] [execute] Tentative copy 2/12...
2026-07-12 07:19:39,750 [INFO] [click] Absolu: 313,539
2026-07-12 07:19:43,309 [INFO] [execute] Tentative copy 3/12...
2026-07-12 07:19:43,309 [INFO] [click] Absolu: 313,539
2026-07-12 07:19:46,871 [INFO] [execute] Tentative copy 4/12...
2026-07-12 07:19:46,871 [INFO] [click] Absolu: 313,539
2026-07-12 07:19:50,435 [INFO] [execute] Tentative copy 5/12...
2026-07-12 07:19:50,436 [INFO] [click] Absolu: 313,539
2026-07-12 07:19:53,996 [INFO] [execute] Tentative copy 6/12...
2026-07-12 07:19:53,997 [INFO] [click] Absolu: 313,539
2026-07-12 07:19:57,559 [INFO] [execute] Tentative copy 7/12...
2026-07-12 07:19:57,570 [INFO] [click] Absolu: 313,539
2026-07-12 07:20:01,126 [INFO] [execute] Tentative copy 8/12...
2026-07-12 07:20:01,126 [INFO] [click] Absolu: 313,539
2026-07-12 07:20:04,680 [INFO] [execute] Tentative copy 9/12...
2026-07-12 07:20:04,681 [INFO] [click] Absolu: 313,539
2026-07-12 07:20:05,732 [INFO] [execute] Reponse (xdotool) apres 39105ms
2026-07-12 07:26:48,875 [INFO] [register_page] Config sauvegardee pour chat_qwen_ai: {'input_click': [425, 585], 'send_click': [1138, 581], 'copy_zone': [372, 428], 'wait_time': 8}
2026-07-12 07:26:48,881 [INFO] [save_configs] 3 configs sauvegardees
2026-07-12 07:27:09,279 [INFO] [register_page] Config sauvegardee pour chat_qwen_ai: {'input_click': [425, 585], 'send_click': [1138, 581], 'copy_zone': [372, 428], 'wait_time': 8}
2026-07-12 07:27:09,286 [INFO] [save_configs] 3 configs sauvegardees
2026-07-12 07:27:15,731 [INFO] [register_page] Config sauvegardee pour chat_qwen_ai: {'input_click': [425, 585], 'send_click': [1138, 581], 'copy_zone': [372, 428], 'wait_time': 8}
2026-07-12 07:27:15,736 [INFO] [save_configs] 3 configs sauvegardees
2026-07-12 07:27:39,273 [INFO] [worker] Demarrage pour chat_qwen_ai
2026-07-12 07:27:39,273 [INFO] [ensure_worker] Worker cree pour chat_qwen_ai
2026-07-12 07:27:39,274 [INFO] [worker] Execution tache chatcmpl-98c6e3a027b240b6ad2c7743 sur chat_qwen_ai
2026-07-12 07:27:39,275 [INFO] [execute] page=chat_qwen_ai task=chatcmpl-98c6e3a027b240b6ad2c7743 prompt='tu es qui?'
2026-07-12 07:27:39,283 [INFO] [execute] Fenetre ID: 20971580
2026-07-12 07:27:39,284 [INFO] [execute] Clic saisie: 425,585
2026-07-12 07:27:39,292 [INFO] [click] Absolu: 425,685
2026-07-12 07:27:40,007 [INFO] [execute] Collage prompt
2026-07-12 07:27:45,017 [WARNING] [subprocess] timeout: ['xclip', '-selection', 'c', '-i', '/tmp/tmp8cig4_rn.txt']
2026-07-12 07:27:45,117 [INFO] [type] Collage: tu es qui?...
2026-07-12 07:27:45,311 [INFO] [type] Collage OK
2026-07-12 07:27:45,612 [INFO] [execute] Clic send: 1138,581
2026-07-12 07:27:45,612 [INFO] [click] Absolu: 1138,681
2026-07-12 07:27:48,833 [INFO] [execute] Tentative copy 1/12...
2026-07-12 07:27:48,834 [INFO] [click] Absolu: 372,528
2026-07-12 07:27:52,409 [INFO] [execute] Tentative copy 2/12...
2026-07-12 07:27:52,409 [INFO] [click] Absolu: 372,528
2026-07-12 07:27:53,476 [INFO] [execute] Reponse (xdotool) apres 14202ms
2026-07-12 07:27:58,978 [INFO] [worker] Execution tache chatcmpl-90a94ed31bdc4a9391b33c04 sur chat_qwen_ai
2026-07-12 07:27:58,978 [INFO] [execute] page=chat_qwen_ai task=chatcmpl-90a94ed31bdc4a9391b33c04 prompt='tu es qui?'
2026-07-12 07:27:58,986 [INFO] [execute] Fenetre ID: 20971580
2026-07-12 07:27:58,987 [INFO] [execute] Clic saisie: 425,585
2026-07-12 07:27:58,988 [INFO] [click] Absolu: 425,685
2026-07-12 07:27:59,703 [INFO] [execute] Collage prompt
2026-07-12 07:28:04,712 [WARNING] [subprocess] timeout: ['xclip', '-selection', 'c', '-i', '/tmp/tmpl2uskhd1.txt']
2026-07-12 07:28:04,813 [INFO] [type] Collage: tu es qui?...
2026-07-12 07:28:05,005 [INFO] [type] Collage OK
2026-07-12 07:28:05,305 [INFO] [execute] Clic send: 1138,581
2026-07-12 07:28:05,306 [INFO] [click] Absolu: 1138,681
2026-07-12 07:28:08,538 [INFO] [execute] Tentative copy 1/12...
2026-07-12 07:28:08,539 [INFO] [click] Absolu: 372,528
2026-07-12 07:28:09,602 [INFO] [execute] Reponse (xdotool) apres 10624ms
2026-07-12 07:28:17,918 [INFO] [worker] Execution tache chatcmpl-a46e0be1ff0947b2a57fc856 sur chat_qwen_ai
2026-07-12 07:28:17,918 [INFO] [execute] page=chat_qwen_ai task=chatcmpl-a46e0be1ff0947b2a57fc856 prompt='tu es qui?'
2026-07-12 07:28:17,937 [INFO] [execute] Fenetre ID: 20971580
2026-07-12 07:28:17,938 [INFO] [execute] Clic saisie: 425,585
2026-07-12 07:28:17,968 [INFO] [click] Absolu: 425,685
2026-07-12 07:28:18,690 [INFO] [execute] Collage prompt
2026-07-12 07:28:23,697 [WARNING] [subprocess] timeout: ['xclip', '-selection', 'c', '-i', '/tmp/tmp4gnlgpi5.txt']
2026-07-12 07:28:23,798 [INFO] [type] Collage: tu es qui?...
2026-07-12 07:28:23,990 [INFO] [type] Collage OK
2026-07-12 07:28:24,290 [INFO] [execute] Clic send: 1138,581
2026-07-12 07:28:24,291 [INFO] [click] Absolu: 1138,681
2026-07-12 07:28:27,506 [INFO] [execute] Tentative copy 1/12...
2026-07-12 07:28:27,507 [INFO] [click] Absolu: 372,528
2026-07-12 07:28:31,070 [INFO] [execute] Tentative copy 2/12...
2026-07-12 07:28:31,071 [INFO] [click] Absolu: 372,528
2026-07-12 07:28:34,630 [INFO] [execute] Tentative copy 3/12...
2026-07-12 07:28:34,630 [INFO] [click] Absolu: 372,528
2026-07-12 07:28:38,192 [INFO] [execute] Tentative copy 4/12...
2026-07-12 07:28:38,193 [INFO] [click] Absolu: 372,528
2026-07-12 07:28:41,748 [INFO] [execute] Tentative copy 5/12...
2026-07-12 07:28:41,749 [INFO] [click] Absolu: 372,528
2026-07-12 07:28:45,308 [INFO] [execute] Tentative copy 6/12...
2026-07-12 07:28:45,309 [INFO] [click] Absolu: 372,528
2026-07-12 07:28:48,865 [INFO] [execute] Tentative copy 7/12...
2026-07-12 07:28:48,883 [INFO] [click] Absolu: 372,528
2026-07-12 07:28:52,477 [INFO] [execute] Tentative copy 8/12...
2026-07-12 07:28:52,478 [INFO] [click] Absolu: 372,528
2026-07-12 07:28:56,043 [INFO] [execute] Tentative copy 9/12...
2026-07-12 07:28:56,043 [INFO] [click] Absolu: 372,528
2026-07-12 07:28:57,244 [INFO] [execute] Reponse (xdotool) apres 39325ms
2026-07-12 07:29:43,825 [INFO] [worker] Execution tache chatcmpl-60f8c6046ad64d9bbef089e0 sur chat_qwen_ai
2026-07-12 07:29:43,826 [INFO] [execute] page=chat_qwen_ai task=chatcmpl-60f8c6046ad64d9bbef089e0 prompt='conseille moi des ia doué pour le codage et qui es'
2026-07-12 07:29:43,834 [INFO] [execute] Fenetre ID: 20971580
2026-07-12 07:29:43,835 [INFO] [execute] Clic saisie: 425,585
2026-07-12 07:29:43,844 [INFO] [click] Absolu: 425,685
2026-07-12 07:29:44,560 [INFO] [execute] Collage prompt
2026-07-12 07:29:49,568 [WARNING] [subprocess] timeout: ['xclip', '-selection', 'c', '-i', '/tmp/tmpki9lzt0k.txt']
2026-07-12 07:29:49,670 [INFO] [type] Collage: conseille moi des ia doué pour le codage et qui es...
2026-07-12 07:29:49,859 [INFO] [type] Collage OK
2026-07-12 07:29:50,160 [INFO] [execute] Clic send: 1138,581
2026-07-12 07:29:50,161 [INFO] [click] Absolu: 1138,681
2026-07-12 07:29:53,376 [INFO] [execute] Tentative copy 1/12...
2026-07-12 07:29:53,377 [INFO] [click] Absolu: 372,528
2026-07-12 07:29:56,934 [INFO] [execute] Tentative copy 2/12...
2026-07-12 07:29:56,935 [INFO] [click] Absolu: 372,528
2026-07-12 07:30:00,510 [INFO] [execute] Tentative copy 3/12...
2026-07-12 07:30:00,510 [INFO] [click] Absolu: 372,528
2026-07-12 07:30:04,072 [INFO] [execute] Tentative copy 4/12...
2026-07-12 07:30:04,073 [INFO] [click] Absolu: 372,528
2026-07-12 07:30:07,626 [INFO] [execute] Tentative copy 5/12...
2026-07-12 07:30:07,626 [INFO] [click] Absolu: 372,528
2026-07-12 07:30:11,182 [INFO] [execute] Tentative copy 6/12...
2026-07-12 07:30:11,182 [INFO] [click] Absolu: 372,528
2026-07-12 07:30:14,740 [INFO] [execute] Tentative copy 7/12...
2026-07-12 07:30:14,750 [INFO] [click] Absolu: 372,528
2026-07-12 07:30:18,318 [INFO] [execute] Tentative copy 8/12...
2026-07-12 07:30:18,318 [INFO] [click] Absolu: 372,528
2026-07-12 07:30:21,877 [INFO] [execute] Tentative copy 9/12...
2026-07-12 07:30:21,877 [INFO] [click] Absolu: 372,528
2026-07-12 07:30:25,459 [INFO] [execute] Tentative copy 10/12...
2026-07-12 07:30:25,459 [INFO] [click] Absolu: 372,528
2026-07-12 07:30:29,015 [INFO] [execute] Tentative copy 11/12...
2026-07-12 07:30:29,016 [INFO] [click] Absolu: 372,528
2026-07-12 07:30:32,918 [INFO] [worker] Execution tache task_a93679ca340e sur chat_qwen_ai
2026-07-12 07:30:32,920 [INFO] [execute] page=chat_qwen_ai task=task_a93679ca340e prompt='conseille moi des ia doué pour le codage et qui es'
2026-07-12 07:30:32,962 [INFO] [execute] Fenetre ID: 20971580
2026-07-12 07:30:32,963 [INFO] [execute] Clic saisie: 425,585
2026-07-12 07:30:32,964 [INFO] [click] Absolu: 425,685
2026-07-12 07:30:33,695 [INFO] [execute] Collage prompt
2026-07-12 07:30:38,703 [WARNING] [subprocess] timeout: ['xclip', '-selection', 'c', '-i', '/tmp/tmp52j_0ezq.txt']
2026-07-12 07:30:38,804 [INFO] [type] Collage: conseille moi des ia doué pour le codage et qui es...
2026-07-12 07:30:38,997 [INFO] [type] Collage OK
2026-07-12 07:30:39,298 [INFO] [execute] Clic send: 1138,581
2026-07-12 07:30:39,298 [INFO] [click] Absolu: 1138,681
2026-07-12 07:30:42,514 [INFO] [execute] Tentative copy 1/12...
2026-07-12 07:30:42,514 [INFO] [click] Absolu: 372,528
2026-07-12 07:30:46,075 [INFO] [execute] Tentative copy 2/12...
2026-07-12 07:30:46,090 [INFO] [click] Absolu: 372,528
2026-07-12 07:30:49,659 [INFO] [execute] Tentative copy 3/12...
2026-07-12 07:30:49,659 [INFO] [click] Absolu: 372,528
2026-07-12 07:30:50,717 [INFO] [execute] Reponse (xdotool) apres 17797ms
2026-07-12 07:32:52,340 [INFO] [worker] Execution tache chatcmpl-6eff692a794e4f488281cf07 sur chat_qwen_ai
2026-07-12 07:32:52,340 [INFO] [execute] page=chat_qwen_ai task=chatcmpl-6eff692a794e4f488281cf07 prompt="conseille moi d'autre autres que ceci"
2026-07-12 07:32:52,348 [INFO] [execute] Fenetre ID: 20971580
2026-07-12 07:32:52,349 [INFO] [execute] Clic saisie: 425,585
2026-07-12 07:32:52,360 [INFO] [click] Absolu: 425,685
2026-07-12 07:32:53,075 [INFO] [execute] Collage prompt
2026-07-12 07:32:58,083 [WARNING] [subprocess] timeout: ['xclip', '-selection', 'c', '-i', '/tmp/tmpbpuoeoxi.txt']
2026-07-12 07:32:58,184 [INFO] [type] Collage: conseille moi d'autre autres que ceci...
2026-07-12 07:32:58,375 [INFO] [type] Collage OK
2026-07-12 07:32:58,676 [INFO] [execute] Clic send: 1138,581
2026-07-12 07:32:58,677 [INFO] [click] Absolu: 1138,681
2026-07-12 07:33:01,892 [INFO] [execute] Tentative copy 1/12...
2026-07-12 07:33:01,892 [INFO] [click] Absolu: 372,528
2026-07-12 07:33:02,969 [INFO] [execute] Reponse (xdotool) apres 10629ms
2026-07-12 14:40:02,074 [INFO] [load_configs] 3 configs chargees: ['chat_deepseek_com', 'www_kimi_com', 'chat_qwen_ai']
2026-07-12 14:40:02,176 [INFO] NEMESIS demarre sur i686 (32-bit, Python 3.13.5) (mem: 667/1978 MB)
2026-07-12 14:40:03,071 [INFO] [window] Fenetre trouvee: Qwen Studio — Mozilla Firefox (ID: 23068732)
2026-07-12 14:40:16,235 [INFO] [register_page] Config sauvegardee pour chat_qwen_ai: {'input_click': [425, 585], 'send_click': [1138, 581], 'copy_zone': [372, 428], 'wait_time': 8}
2026-07-12 14:40:16,242 [INFO] [save_configs] 3 configs sauvegardees
2026-07-12 14:40:16,815 [INFO] [worker] Demarrage pour chat_qwen_ai
2026-07-12 14:40:16,815 [INFO] [ensure_worker] Worker cree pour chat_qwen_ai
2026-07-12 14:40:16,818 [INFO] [worker] Execution tache manual_test_1783867216373 sur chat_qwen_ai
2026-07-12 14:40:16,819 [INFO] [execute] page=chat_qwen_ai task=manual_test_1783867216373 prompt='Salut, réponds en une phrase courte.'
2026-07-12 14:40:16,859 [INFO] [execute] Fenetre ID: 23068732
2026-07-12 14:40:16,860 [INFO] [execute] Clic saisie: 425,585
2026-07-12 14:40:16,872 [INFO] [click] Absolu: 425,685
2026-07-12 14:40:17,593 [INFO] [execute] Collage prompt
2026-07-12 14:40:22,601 [WARNING] [subprocess] timeout: ['xclip', '-selection', 'c', '-i', '/tmp/tmpmum_9a_6.txt']
2026-07-12 14:40:22,701 [INFO] [type] Collage: Salut, réponds en une phrase courte....
2026-07-12 14:40:22,879 [INFO] [type] Collage OK
2026-07-12 14:40:23,180 [INFO] [execute] Clic send: 1138,581
2026-07-12 14:40:23,180 [INFO] [click] Absolu: 1138,681
2026-07-12 14:40:26,393 [INFO] [execute] Tentative copy 1/12...
2026-07-12 14:40:26,393 [INFO] [click] Absolu: 372,528
2026-07-12 14:40:29,945 [INFO] [execute] Tentative copy 2/12...
2026-07-12 14:40:29,945 [INFO] [click] Absolu: 372,528
2026-07-12 14:40:33,541 [INFO] [execute] Tentative copy 3/12...
2026-07-12 14:40:33,542 [INFO] [click] Absolu: 372,528
2026-07-12 14:40:35,729 [INFO] [bing] task=manual_test_1783867216373 page=chat_qwen_ai len=17829
2026-07-12 14:40:36,115 [INFO] [execute] bing recu apres 19296ms
2026-07-12 14:41:14,756 [INFO] [register_page] Config sauvegardee pour chat_qwen_ai: {'input_click': [425, 585], 'send_click': [1138, 581], 'copy_zone': [372, 428], 'wait_time': 8}
2026-07-12 14:41:14,760 [INFO] [save_configs] 3 configs sauvegardees
2026-07-12 14:51:26,147 [INFO] [worker] Execution tache chatcmpl-5ba2680ee5154503b70a334f sur chat_qwen_ai
2026-07-12 14:51:26,157 [INFO] [execute] page=chat_qwen_ai task=chatcmpl-5ba2680ee5154503b70a334f prompt='Salut'
2026-07-12 14:51:26,164 [INFO] [execute] Fenetre ID: 23068732
2026-07-12 14:51:26,165 [INFO] [execute] Clic saisie: 425,585
2026-07-12 14:51:26,173 [INFO] [click] Absolu: 425,685
2026-07-12 14:51:26,885 [INFO] [execute] Collage prompt
2026-07-12 14:51:31,894 [WARNING] [subprocess] timeout: ['xclip', '-selection', 'c', '-i', '/tmp/tmpjxhc23ug.txt']
2026-07-12 14:51:31,995 [INFO] [type] Collage: Salut...
2026-07-12 14:51:32,172 [INFO] [type] Collage OK
2026-07-12 14:51:32,473 [INFO] [execute] Clic send: 1138,581
2026-07-12 14:51:32,473 [INFO] [click] Absolu: 1138,681
2026-07-12 14:51:35,696 [INFO] [execute] Tentative copy 1/12...
2026-07-12 14:51:35,696 [INFO] [click] Absolu: 372,528
2026-07-12 14:51:39,270 [INFO] [execute] Tentative copy 2/12...
2026-07-12 14:51:39,271 [INFO] [click] Absolu: 372,528
2026-07-12 14:51:42,825 [INFO] [execute] Tentative copy 3/12...
2026-07-12 14:51:42,826 [INFO] [click] Absolu: 372,528
2026-07-12 14:51:46,381 [INFO] [execute] Tentative copy 4/12...
2026-07-12 14:51:46,381 [INFO] [click] Absolu: 372,528
2026-07-12 14:51:49,971 [INFO] [execute] Tentative copy 5/12...
2026-07-12 14:51:49,972 [INFO] [click] Absolu: 372,528
2026-07-12 14:51:53,542 [INFO] [execute] Tentative copy 6/12...
2026-07-12 14:51:53,542 [INFO] [click] Absolu: 372,528
2026-07-12 14:51:57,096 [INFO] [execute] Tentative copy 7/12...
2026-07-12 14:51:57,111 [INFO] [click] Absolu: 372,528
2026-07-12 14:52:00,668 [INFO] [execute] Tentative copy 8/12...
2026-07-12 14:52:00,669 [INFO] [click] Absolu: 372,528
2026-07-12 14:52:01,756 [INFO] [execute] Reponse (xdotool) apres 35599ms
2026-07-12 15:01:09,889 [INFO] [worker] Demarrage pour chat_deepseek_com
2026-07-12 15:01:09,889 [INFO] [ensure_worker] Worker cree pour chat_deepseek_com
2026-07-12 15:01:09,891 [INFO] [worker] Execution tache chatcmpl-eed71f391c744989a429ff0a sur chat_deepseek_com
2026-07-12 15:01:09,891 [INFO] [execute] page=chat_deepseek_com task=chatcmpl-eed71f391c744989a429ff0a prompt='bojour'
2026-07-12 15:01:09,899 [INFO] [execute] Fenetre ID: 23068732
2026-07-12 15:01:09,900 [INFO] [execute] Clic saisie: 401,528
2026-07-12 15:01:09,917 [INFO] [click] Absolu: 401,628
2026-07-12 15:01:10,637 [INFO] [execute] Collage prompt
2026-07-12 15:01:15,644 [WARNING] [subprocess] timeout: ['xclip', '-selection', 'c', '-i', '/tmp/tmpjc3izyz0.txt']
2026-07-12 15:01:15,745 [INFO] [type] Collage: bojour...
2026-07-12 15:01:15,936 [INFO] [type] Collage OK
2026-07-12 15:01:16,237 [INFO] [execute] Clic send: 1127,590
2026-07-12 15:01:16,238 [INFO] [click] Absolu: 1127,690
2026-07-12 15:01:19,461 [INFO] [execute] Tentative copy 1/12...
2026-07-12 15:01:19,461 [INFO] [click] Absolu: 401,546
2026-07-12 15:01:23,038 [INFO] [execute] Tentative copy 2/12...
2026-07-12 15:01:23,039 [INFO] [click] Absolu: 401,546
2026-07-12 15:01:26,619 [INFO] [execute] Tentative copy 3/12...
2026-07-12 15:01:26,620 [INFO] [click] Absolu: 401,546
2026-07-12 15:01:30,218 [INFO] [execute] Tentative copy 4/12...
2026-07-12 15:01:30,218 [INFO] [click] Absolu: 401,546
2026-07-12 15:01:33,790 [INFO] [execute] Tentative copy 5/12...
2026-07-12 15:01:33,791 [INFO] [click] Absolu: 401,546
2026-07-12 15:01:37,381 [INFO] [execute] Tentative copy 6/12...
2026-07-12 15:01:37,381 [INFO] [click] Absolu: 401,546
2026-07-12 15:01:40,955 [INFO] [execute] Tentative copy 7/12...
2026-07-12 15:01:40,968 [INFO] [click] Absolu: 401,546
2026-07-12 15:01:42,024 [INFO] [execute] Reponse (xdotool) apres 32133ms
2026-07-12 15:02:01,825 [INFO] [worker] Execution tache chatcmpl-ca6fef895bde4115bab57291 sur chat_deepseek_com
2026-07-12 15:02:01,829 [INFO] [execute] page=chat_deepseek_com task=chatcmpl-ca6fef895bde4115bab57291 prompt='salut'
2026-07-12 15:02:01,862 [INFO] [execute] Fenetre ID: 23068732
2026-07-12 15:02:01,863 [INFO] [execute] Clic saisie: 401,528
2026-07-12 15:02:01,863 [INFO] [click] Absolu: 401,628
2026-07-12 15:02:02,595 [INFO] [execute] Collage prompt
2026-07-12 15:02:07,603 [WARNING] [subprocess] timeout: ['xclip', '-selection', 'c', '-i', '/tmp/tmpdcxhikfn.txt']
2026-07-12 15:02:07,705 [INFO] [type] Collage: salut...
2026-07-12 15:02:07,913 [INFO] [type] Collage OK
2026-07-12 15:02:08,214 [INFO] [execute] Clic send: 1127,590
2026-07-12 15:02:08,214 [INFO] [click] Absolu: 1127,690
2026-07-12 15:02:11,433 [INFO] [execute] Tentative copy 1/12...
2026-07-12 15:02:11,445 [INFO] [click] Absolu: 401,546
2026-07-12 15:02:15,003 [INFO] [execute] Tentative copy 2/12...
2026-07-12 15:02:15,003 [INFO] [click] Absolu: 401,546
2026-07-12 15:02:16,062 [INFO] [execute] Reponse (xdotool) apres 14233ms
2026-07-12 15:04:17,316 [INFO] [register_page] Config sauvegardee pour chat_qwen_ai: {'input_click': [429, 577], 'send_click': [1138, 574], 'copy_zone': [371, 456], 'wait_time': 8}
2026-07-12 15:04:17,336 [INFO] [save_configs] 3 configs sauvegardees
2026-07-12 15:04:25,287 [INFO] [worker] Execution tache chatcmpl-a374ebfafe454131adf0d95b sur chat_deepseek_com
2026-07-12 15:04:25,288 [INFO] [execute] page=chat_deepseek_com task=chatcmpl-a374ebfafe454131adf0d95b prompt='bonjour'
2026-07-12 15:04:25,313 [INFO] [execute] Fenetre ID: 23068732
2026-07-12 15:04:25,314 [INFO] [execute] Clic saisie: 401,528
2026-07-12 15:04:25,343 [INFO] [click] Absolu: 401,628
2026-07-12 15:04:26,064 [INFO] [execute] Collage prompt
2026-07-12 15:04:31,070 [WARNING] [subprocess] timeout: ['xclip', '-selection', 'c', '-i', '/tmp/tmppf882lgh.txt']
2026-07-12 15:04:31,171 [INFO] [type] Collage: bonjour...
2026-07-12 15:04:31,364 [INFO] [type] Collage OK
2026-07-12 15:04:31,665 [INFO] [execute] Clic send: 1127,590
2026-07-12 15:04:31,665 [INFO] [click] Absolu: 1127,690
2026-07-12 15:04:34,881 [INFO] [execute] Tentative copy 1/12...
2026-07-12 15:04:34,882 [INFO] [click] Absolu: 401,546
2026-07-12 15:04:38,450 [INFO] [execute] Tentative copy 2/12...
2026-07-12 15:04:38,451 [INFO] [click] Absolu: 401,546
2026-07-12 15:04:42,049 [INFO] [execute] Tentative copy 3/12...
2026-07-12 15:04:42,050 [INFO] [click] Absolu: 401,546
2026-07-12 15:04:45,610 [INFO] [execute] Tentative copy 4/12...
2026-07-12 15:04:45,611 [INFO] [click] Absolu: 401,546
2026-07-12 15:04:49,172 [INFO] [execute] Tentative copy 5/12...
2026-07-12 15:04:49,172 [INFO] [click] Absolu: 401,546
2026-07-12 15:04:52,753 [INFO] [execute] Tentative copy 6/12...
2026-07-12 15:04:52,754 [INFO] [click] Absolu: 401,546
2026-07-12 15:04:56,312 [INFO] [execute] Tentative copy 7/12...
2026-07-12 15:04:56,325 [INFO] [click] Absolu: 401,546
2026-07-12 15:04:57,400 [INFO] [execute] Reponse (xdotool) apres 32112ms
2026-07-12 15:05:51,031 [INFO] [register_page] Config sauvegardee pour chat_qwen_ai: {'input_click': [424, 565], 'send_click': [1136, 561], 'copy_zone': [358, 454], 'wait_time': 8}
2026-07-12 15:05:51,036 [INFO] [save_configs] 3 configs sauvegardees
2026-07-12 15:05:52,451 [INFO] [register_page] Config sauvegardee pour chat_qwen_ai: {'input_click': [424, 565], 'send_click': [1136, 561], 'copy_zone': [358, 454], 'wait_time': 8}
2026-07-12 15:05:52,456 [INFO] [save_configs] 3 configs sauvegardees
2026-07-12 15:06:23,497 [INFO] [register_page] Config sauvegardee pour chat_qwen_ai: {'input_click': [424, 565], 'send_click': [1136, 561], 'copy_zone': [358, 454], 'wait_time': 8}
2026-07-12 15:06:23,502 [INFO] [save_configs] 3 configs sauvegardees
2026-07-12 15:08:19,397 [INFO] [worker] Execution tache chatcmpl-2be03a122b8049e79819f8f7 sur chat_qwen_ai
2026-07-12 15:08:19,397 [INFO] [execute] page=chat_qwen_ai task=chatcmpl-2be03a122b8049e79819f8f7 prompt='ASTARTE BAM v6.0 — SYSTEM PROMPT\n================='
2026-07-12 15:08:19,405 [INFO] [execute] Fenetre ID: 23068732
2026-07-12 15:08:19,406 [INFO] [execute] Clic saisie: 424,565
2026-07-12 15:08:19,415 [INFO] [click] Absolu: 424,665
2026-07-12 15:08:20,131 [INFO] [execute] Collage prompt
2026-07-12 15:08:25,141 [WARNING] [subprocess] timeout: ['xclip', '-selection', 'c', '-i', '/tmp/tmpzp4646e7.txt']
2026-07-12 15:08:25,241 [INFO] [type] Collage: ASTARTE BAM v6.0 — SYSTEM PROMPT
=================...
2026-07-12 15:08:25,437 [INFO] [type] Collage OK
2026-07-12 15:08:25,738 [INFO] [execute] Clic send: 1136,561
2026-07-12 15:08:25,739 [INFO] [click] Absolu: 1136,661
2026-07-12 15:08:28,965 [INFO] [execute] Tentative copy 1/12...
2026-07-12 15:08:28,965 [INFO] [click] Absolu: 358,554
2026-07-12 15:08:32,520 [INFO] [execute] Tentative copy 2/12...
2026-07-12 15:08:32,521 [INFO] [click] Absolu: 358,554
2026-07-12 15:08:36,075 [INFO] [execute] Tentative copy 3/12...
2026-07-12 15:08:36,076 [INFO] [click] Absolu: 358,554
2026-07-12 15:08:39,642 [INFO] [execute] Tentative copy 4/12...
2026-07-12 15:08:39,642 [INFO] [click] Absolu: 358,554
2026-07-12 15:08:43,222 [INFO] [execute] Tentative copy 5/12...
2026-07-12 15:08:43,222 [INFO] [click] Absolu: 358,554
2026-07-12 15:08:46,784 [INFO] [execute] Tentative copy 6/12...
2026-07-12 15:08:46,784 [INFO] [click] Absolu: 358,554
2026-07-12 15:08:50,340 [INFO] [execute] Tentative copy 7/12...
2026-07-12 15:08:50,357 [INFO] [click] Absolu: 358,554
2026-07-12 15:08:53,923 [INFO] [execute] Tentative copy 8/12...
2026-07-12 15:08:53,924 [INFO] [click] Absolu: 358,554
2026-07-12 15:08:57,481 [INFO] [execute] Tentative copy 9/12...
2026-07-12 15:08:57,482 [INFO] [click] Absolu: 358,554
2026-07-12 15:09:01,056 [INFO] [execute] Tentative copy 10/12...
2026-07-12 15:09:01,057 [INFO] [click] Absolu: 358,554
2026-07-12 15:09:04,658 [INFO] [execute] Tentative copy 11/12...
2026-07-12 15:09:04,659 [INFO] [click] Absolu: 358,554
2026-07-12 15:09:08,495 [INFO] [worker] Execution tache task_5e4c761450aa sur chat_qwen_ai
2026-07-12 15:09:08,496 [INFO] [execute] page=chat_qwen_ai task=task_5e4c761450aa prompt='ASTARTE BAM v6.0 — SYSTEM PROMPT\n================='
2026-07-12 15:09:08,518 [INFO] [execute] Fenetre ID: 23068732
2026-07-12 15:09:08,519 [INFO] [execute] Clic saisie: 424,565
2026-07-12 15:09:08,520 [INFO] [click] Absolu: 424,665
2026-07-12 15:09:09,241 [INFO] [execute] Collage prompt
2026-07-12 15:09:14,249 [WARNING] [subprocess] timeout: ['xclip', '-selection', 'c', '-i', '/tmp/tmpwnnil_qo.txt']
2026-07-12 15:09:14,349 [INFO] [type] Collage: ASTARTE BAM v6.0 — SYSTEM PROMPT
=================...
2026-07-12 15:09:14,534 [INFO] [type] Collage OK
2026-07-12 15:09:14,835 [INFO] [execute] Clic send: 1136,561
2026-07-12 15:09:14,836 [INFO] [click] Absolu: 1136,661
2026-07-12 15:09:18,053 [INFO] [execute] Tentative copy 1/12...
2026-07-12 15:09:18,053 [INFO] [click] Absolu: 358,554
2026-07-12 15:09:21,619 [INFO] [execute] Tentative copy 2/12...
2026-07-12 15:09:21,637 [INFO] [click] Absolu: 358,554
2026-07-12 15:09:25,217 [INFO] [execute] Tentative copy 3/12...
2026-07-12 15:09:25,217 [INFO] [click] Absolu: 358,554
2026-07-12 15:09:28,774 [INFO] [execute] Tentative copy 4/12...
2026-07-12 15:09:28,774 [INFO] [click] Absolu: 358,554
2026-07-12 15:09:32,337 [INFO] [execute] Tentative copy 5/12...
2026-07-12 15:09:32,338 [INFO] [click] Absolu: 358,554
2026-07-12 15:09:35,901 [INFO] [execute] Tentative copy 6/12...
2026-07-12 15:09:35,902 [INFO] [click] Absolu: 358,554
2026-07-12 15:09:39,461 [INFO] [execute] Tentative copy 7/12...
2026-07-12 15:09:39,462 [INFO] [click] Absolu: 358,554
2026-07-12 15:09:43,069 [INFO] [execute] Tentative copy 8/12...
2026-07-12 15:09:43,069 [INFO] [click] Absolu: 358,554
2026-07-12 15:09:46,628 [INFO] [execute] Tentative copy 9/12...
2026-07-12 15:09:46,628 [INFO] [click] Absolu: 358,554
2026-07-12 15:09:50,190 [INFO] [execute] Tentative copy 10/12...
2026-07-12 15:09:50,190 [INFO] [click] Absolu: 358,554
2026-07-12 15:09:53,771 [INFO] [execute] Tentative copy 11/12...
2026-07-12 15:09:53,783 [INFO] [click] Absolu: 358,554
2026-07-12 15:10:10,882 [INFO] [worker] Execution tache chatcmpl-ef1b33d2408d4fe38e8ce4fc sur chat_qwen_ai
2026-07-12 15:10:10,883 [INFO] [execute] page=chat_qwen_ai task=chatcmpl-ef1b33d2408d4fe38e8ce4fc prompt='Salut'
2026-07-12 15:10:10,892 [INFO] [execute] Fenetre ID: 23068732
2026-07-12 15:10:10,893 [INFO] [execute] Clic saisie: 424,565
2026-07-12 15:10:10,894 [INFO] [click] Absolu: 424,665
2026-07-12 15:10:11,611 [INFO] [execute] Collage prompt
2026-07-12 15:10:16,618 [WARNING] [subprocess] timeout: ['xclip', '-selection', 'c', '-i', '/tmp/tmpy1oxetj9.txt']
2026-07-12 15:10:16,720 [INFO] [type] Collage: Salut...
2026-07-12 15:10:16,911 [INFO] [type] Collage OK
2026-07-12 15:10:17,213 [INFO] [execute] Clic send: 1136,561
2026-07-12 15:10:17,213 [INFO] [click] Absolu: 1136,661
2026-07-12 15:10:20,430 [INFO] [execute] Tentative copy 1/12...
2026-07-12 15:10:20,430 [INFO] [click] Absolu: 358,554
2026-07-12 15:10:23,998 [INFO] [execute] Tentative copy 2/12...
2026-07-12 15:10:24,013 [INFO] [click] Absolu: 358,554
2026-07-12 15:10:27,586 [INFO] [execute] Tentative copy 3/12...
2026-07-12 15:10:27,587 [INFO] [click] Absolu: 358,554
2026-07-12 15:10:31,143 [INFO] [execute] Tentative copy 4/12...
2026-07-12 15:10:31,143 [INFO] [click] Absolu: 358,554
2026-07-12 15:10:34,699 [INFO] [execute] Tentative copy 5/12...
2026-07-12 15:10:34,700 [INFO] [click] Absolu: 358,554
2026-07-12 15:10:38,272 [INFO] [execute] Tentative copy 6/12...
2026-07-12 15:10:38,272 [INFO] [click] Absolu: 358,554
2026-07-12 15:10:41,828 [INFO] [execute] Tentative copy 7/12...
2026-07-12 15:10:41,829 [INFO] [click] Absolu: 358,554
2026-07-12 15:10:45,403 [INFO] [execute] Tentative copy 8/12...
2026-07-12 15:10:45,404 [INFO] [click] Absolu: 358,554
2026-07-12 15:10:46,471 [INFO] [execute] Reponse (xdotool) apres 35588ms
2026-07-12 15:11:17,228 [INFO] [register_page] Config sauvegardee pour chat_qwen_ai: {'input_click': [424, 565], 'send_click': [1136, 561], 'copy_zone': [371, 432], 'wait_time': 8}
2026-07-12 15:11:17,232 [INFO] [save_configs] 3 configs sauvegardees
2026-07-12 15:11:21,507 [INFO] [worker] Execution tache chatcmpl-d5d70bf52bd14e24a2385544 sur chat_qwen_ai
2026-07-12 15:11:21,508 [INFO] [execute] page=chat_qwen_ai task=chatcmpl-d5d70bf52bd14e24a2385544 prompt='Salut'
2026-07-12 15:11:21,521 [INFO] [execute] Fenetre ID: 23068732
2026-07-12 15:11:21,523 [INFO] [execute] Clic saisie: 424,565
2026-07-12 15:11:21,536 [INFO] [click] Absolu: 424,665
2026-07-12 15:11:22,256 [INFO] [execute] Collage prompt
2026-07-12 15:11:27,264 [WARNING] [subprocess] timeout: ['xclip', '-selection', 'c', '-i', '/tmp/tmpg9hd7egv.txt']
2026-07-12 15:11:27,366 [INFO] [type] Collage: Salut...
2026-07-12 15:11:27,562 [INFO] [type] Collage OK
2026-07-12 15:11:27,862 [INFO] [execute] Clic send: 1136,561
2026-07-12 15:11:27,863 [INFO] [click] Absolu: 1136,661
2026-07-12 15:11:31,078 [INFO] [execute] Tentative copy 1/12...
2026-07-12 15:11:31,079 [INFO] [click] Absolu: 371,532
2026-07-12 15:11:34,634 [INFO] [execute] Tentative copy 2/12...
2026-07-12 15:11:34,634 [INFO] [click] Absolu: 371,532
2026-07-12 15:11:38,194 [INFO] [execute] Tentative copy 3/12...
2026-07-12 15:11:38,195 [INFO] [click] Absolu: 371,532
2026-07-12 15:11:41,759 [INFO] [execute] Tentative copy 4/12...
2026-07-12 15:11:41,759 [INFO] [click] Absolu: 371,532
2026-07-12 15:11:45,317 [INFO] [execute] Tentative copy 5/12...
2026-07-12 15:11:45,318 [INFO] [click] Absolu: 371,532
2026-07-12 15:11:48,870 [INFO] [execute] Tentative copy 6/12...
2026-07-12 15:11:48,871 [INFO] [click] Absolu: 371,532
2026-07-12 15:11:52,433 [INFO] [execute] Tentative copy 7/12...
2026-07-12 15:11:52,451 [INFO] [click] Absolu: 371,532
2026-07-12 15:11:53,531 [INFO] [execute] Reponse (xdotool) apres 32023ms
2026-07-12 15:12:00,454 [INFO] [worker] Execution tache chatcmpl-ec19888956e3496bbf5e9be4 sur chat_qwen_ai
2026-07-12 15:12:00,455 [INFO] [execute] page=chat_qwen_ai task=chatcmpl-ec19888956e3496bbf5e9be4 prompt='ASTARTE BAM v6.0 — SYSTEM PROMPT\n================='
2026-07-12 15:12:00,468 [INFO] [execute] Fenetre ID: 23068732
2026-07-12 15:12:00,470 [INFO] [execute] Clic saisie: 424,565
2026-07-12 15:12:00,470 [INFO] [click] Absolu: 424,665
2026-07-12 15:12:01,200 [INFO] [execute] Collage prompt
2026-07-12 15:12:06,207 [WARNING] [subprocess] timeout: ['xclip', '-selection', 'c', '-i', '/tmp/tmpu5m36vwo.txt']
2026-07-12 15:12:06,309 [INFO] [type] Collage: ASTARTE BAM v6.0 — SYSTEM PROMPT
=================...
2026-07-12 15:12:06,493 [INFO] [type] Collage OK
2026-07-12 15:12:06,793 [INFO] [execute] Clic send: 1136,561
2026-07-12 15:12:06,794 [INFO] [click] Absolu: 1136,661
2026-07-12 15:12:10,008 [INFO] [execute] Tentative copy 1/12...
2026-07-12 15:12:10,009 [INFO] [click] Absolu: 371,532
2026-07-12 15:12:13,567 [INFO] [execute] Tentative copy 2/12...
2026-07-12 15:12:13,567 [INFO] [click] Absolu: 371,532
2026-07-12 15:12:17,126 [INFO] [execute] Tentative copy 3/12...
2026-07-12 15:12:17,126 [INFO] [click] Absolu: 371,532
2026-07-12 15:12:20,684 [INFO] [execute] Tentative copy 4/12...
2026-07-12 15:12:20,684 [INFO] [click] Absolu: 371,532
2026-07-12 15:12:24,274 [INFO] [execute] Tentative copy 5/12...
2026-07-12 15:12:24,288 [INFO] [click] Absolu: 371,532
2026-07-12 15:12:27,849 [INFO] [execute] Tentative copy 6/12...
2026-07-12 15:12:27,849 [INFO] [click] Absolu: 371,532
2026-07-12 15:12:31,404 [INFO] [execute] Tentative copy 7/12...
2026-07-12 15:12:31,405 [INFO] [click] Absolu: 371,532
2026-07-12 15:12:35,018 [INFO] [execute] Tentative copy 8/12...
2026-07-12 15:12:35,018 [INFO] [click] Absolu: 371,532
2026-07-12 15:12:38,575 [INFO] [execute] Tentative copy 9/12...
2026-07-12 15:12:38,576 [INFO] [click] Absolu: 371,532
2026-07-12 15:12:42,147 [INFO] [execute] Tentative copy 10/12...
2026-07-12 15:12:42,148 [INFO] [click] Absolu: 371,532
2026-07-12 15:12:45,722 [INFO] [execute] Tentative copy 11/12...
2026-07-12 15:12:45,722 [INFO] [click] Absolu: 371,532
2026-07-12 15:12:49,533 [INFO] [worker] Execution tache task_8d7b14f9f2b7 sur chat_qwen_ai
2026-07-12 15:12:49,539 [INFO] [execute] page=chat_qwen_ai task=task_8d7b14f9f2b7 prompt='ASTARTE BAM v6.0 — SYSTEM PROMPT\n================='
2026-07-12 15:12:49,557 [INFO] [execute] Fenetre ID: 23068732
2026-07-12 15:12:49,558 [INFO] [execute] Clic saisie: 424,565
2026-07-12 15:12:49,558 [INFO] [click] Absolu: 424,665
2026-07-12 15:12:50,278 [INFO] [execute] Collage prompt
2026-07-12 15:12:55,284 [WARNING] [subprocess] timeout: ['xclip', '-selection', 'c', '-i', '/tmp/tmp2azs7b2l.txt']
2026-07-12 15:12:55,386 [INFO] [type] Collage: ASTARTE BAM v6.0 — SYSTEM PROMPT
=================...
2026-07-12 15:12:55,578 [INFO] [type] Collage OK
2026-07-12 15:12:55,881 [INFO] [execute] Clic send: 1136,561
2026-07-12 15:12:55,899 [INFO] [click] Absolu: 1136,661
2026-07-12 15:12:59,129 [INFO] [execute] Tentative copy 1/12...
2026-07-12 15:12:59,129 [INFO] [click] Absolu: 371,532
2026-07-12 15:13:02,683 [INFO] [execute] Tentative copy 2/12...
2026-07-12 15:13:02,684 [INFO] [click] Absolu: 371,532
2026-07-12 15:13:06,253 [INFO] [execute] Tentative copy 3/12...
2026-07-12 15:13:06,253 [INFO] [click] Absolu: 371,532
2026-07-12 15:13:09,818 [INFO] [execute] Tentative copy 4/12...
2026-07-12 15:13:09,818 [INFO] [click] Absolu: 371,532
2026-07-12 15:13:13,395 [INFO] [execute] Tentative copy 5/12...
2026-07-12 15:13:13,395 [INFO] [click] Absolu: 371,532
2026-07-12 15:13:16,973 [INFO] [execute] Tentative copy 6/12...
2026-07-12 15:13:16,973 [INFO] [click] Absolu: 371,532
2026-07-12 15:13:20,546 [INFO] [execute] Tentative copy 7/12...
2026-07-12 15:13:20,546 [INFO] [click] Absolu: 371,532
2026-07-12 15:13:24,109 [INFO] [execute] Tentative copy 8/12...
2026-07-12 15:13:24,109 [INFO] [click] Absolu: 371,532
2026-07-12 15:13:27,666 [INFO] [execute] Tentative copy 9/12...
2026-07-12 15:13:27,679 [INFO] [click] Absolu: 371,532
2026-07-12 15:13:31,257 [INFO] [execute] Tentative copy 10/12...
2026-07-12 15:13:31,257 [INFO] [click] Absolu: 371,532
2026-07-12 15:13:34,816 [INFO] [execute] Tentative copy 11/12...
2026-07-12 15:13:34,818 [INFO] [click] Absolu: 371,532
2026-07-12 15:13:49,485 [INFO] [worker] Execution tache chatcmpl-d3fdab252e6f4385ba65521d sur chat_qwen_ai
2026-07-12 15:13:49,486 [INFO] [execute] page=chat_qwen_ai task=chatcmpl-d3fdab252e6f4385ba65521d prompt='ASTARTE BAM v6.0 — SYSTEM PROMPT\n================='
2026-07-12 15:13:49,498 [INFO] [execute] Fenetre ID: 23068732
2026-07-12 15:13:49,499 [INFO] [execute] Clic saisie: 424,565
2026-07-12 15:13:49,500 [INFO] [click] Absolu: 424,665
2026-07-12 15:13:50,217 [INFO] [execute] Collage prompt
2026-07-12 15:13:55,225 [WARNING] [subprocess] timeout: ['xclip', '-selection', 'c', '-i', '/tmp/tmp1w9x586c.txt']
2026-07-12 15:13:55,328 [INFO] [type] Collage: ASTARTE BAM v6.0 — SYSTEM PROMPT
=================...
2026-07-12 15:13:55,516 [INFO] [type] Collage OK
2026-07-12 15:13:55,818 [INFO] [execute] Clic send: 1136,561
2026-07-12 15:13:55,819 [INFO] [click] Absolu: 1136,661
2026-07-12 15:13:59,033 [INFO] [execute] Tentative copy 1/12...
2026-07-12 15:13:59,048 [INFO] [click] Absolu: 371,532
2026-07-12 15:14:02,604 [INFO] [execute] Tentative copy 2/12...
2026-07-12 15:14:02,605 [INFO] [click] Absolu: 371,532
2026-07-12 15:14:06,163 [INFO] [execute] Tentative copy 3/12...
2026-07-12 15:14:06,164 [INFO] [click] Absolu: 371,532
2026-07-12 15:14:09,720 [INFO] [execute] Tentative copy 4/12...
2026-07-12 15:14:09,720 [INFO] [click] Absolu: 371,532
2026-07-12 15:14:13,278 [INFO] [execute] Tentative copy 5/12...
2026-07-12 15:14:13,278 [INFO] [click] Absolu: 371,532
2026-07-12 15:14:16,831 [INFO] [execute] Tentative copy 6/12...
2026-07-12 15:14:16,832 [INFO] [click] Absolu: 371,532
2026-07-12 15:14:20,387 [INFO] [execute] Tentative copy 7/12...
2026-07-12 15:14:20,387 [INFO] [click] Absolu: 371,532
2026-07-12 15:14:23,942 [INFO] [execute] Tentative copy 8/12...
2026-07-12 15:14:23,942 [INFO] [click] Absolu: 371,532
2026-07-12 15:14:27,499 [INFO] [execute] Tentative copy 9/12...
2026-07-12 15:14:27,499 [INFO] [click] Absolu: 371,532
2026-07-12 15:14:31,052 [INFO] [execute] Tentative copy 10/12...
2026-07-12 15:14:31,063 [INFO] [click] Absolu: 371,532
2026-07-12 15:14:34,625 [INFO] [execute] Tentative copy 11/12...
2026-07-12 15:14:34,626 [INFO] [click] Absolu: 371,532
2026-07-12 15:14:38,622 [INFO] [worker] Execution tache task_1b6297b07b0e sur chat_qwen_ai
2026-07-12 15:14:38,625 [INFO] [execute] page=chat_qwen_ai task=task_1b6297b07b0e prompt='ASTARTE BAM v6.0 — SYSTEM PROMPT\n================='
2026-07-12 15:14:38,641 [INFO] [execute] Fenetre ID: 23068732
2026-07-12 15:14:38,643 [INFO] [execute] Clic saisie: 424,565
2026-07-12 15:14:38,644 [INFO] [click] Absolu: 424,665
2026-07-12 15:14:39,363 [INFO] [execute] Collage prompt
2026-07-12 15:14:44,370 [WARNING] [subprocess] timeout: ['xclip', '-selection', 'c', '-i', '/tmp/tmp86gmo3bm.txt']
2026-07-12 15:14:44,470 [INFO] [type] Collage: ASTARTE BAM v6.0 — SYSTEM PROMPT
=================...
2026-07-12 15:14:44,681 [INFO] [type] Collage OK
2026-07-12 15:14:44,982 [INFO] [execute] Clic send: 1136,561
2026-07-12 15:14:44,982 [INFO] [click] Absolu: 1136,661
2026-07-12 15:14:48,215 [INFO] [execute] Tentative copy 1/12...
2026-07-12 15:14:48,215 [INFO] [click] Absolu: 371,532
2026-07-12 15:14:51,788 [INFO] [execute] Tentative copy 2/12...
2026-07-12 15:14:51,789 [INFO] [click] Absolu: 371,532
2026-07-12 15:14:55,351 [INFO] [execute] Tentative copy 3/12...
2026-07-12 15:14:55,352 [INFO] [click] Absolu: 371,532
2026-07-12 15:14:59,229 [INFO] [execute] Tentative copy 4/12...
2026-07-12 15:14:59,230 [INFO] [click] Absolu: 371,532
2026-07-12 15:15:02,789 [INFO] [execute] Tentative copy 5/12...
2026-07-12 15:15:02,801 [INFO] [click] Absolu: 371,532
2026-07-12 15:15:06,361 [INFO] [execute] Tentative copy 6/12...
2026-07-12 15:15:06,361 [INFO] [click] Absolu: 371,532
2026-07-12 15:15:09,916 [INFO] [execute] Tentative copy 7/12...
2026-07-12 15:15:09,916 [INFO] [click] Absolu: 371,532
2026-07-12 15:15:14,447 [INFO] [execute] Tentative copy 8/12...
2026-07-12 15:15:14,447 [INFO] [click] Absolu: 371,532
2026-07-12 15:15:18,020 [INFO] [execute] Tentative copy 9/12...
2026-07-12 15:15:18,020 [INFO] [click] Absolu: 371,532
2026-07-12 15:15:21,579 [INFO] [execute] Tentative copy 10/12...
2026-07-12 15:15:21,580 [INFO] [click] Absolu: 371,532
2026-07-12 15:15:25,164 [INFO] [execute] Tentative copy 11/12...
2026-07-12 15:15:25,165 [INFO] [click] Absolu: 371,532
2026-07-12 15:21:49,663 [INFO] [register_page] Config sauvegardee pour chat_deepseek_com: {'input_click': [401, 528], 'send_click': [1127, 590], 'copy_zone': [401, 446], 'wait_time': 8}
2026-07-12 15:21:49,667 [INFO] [save_configs] 3 configs sauvegardees
2026-07-12 15:22:31,336 [INFO] [worker] Execution tache chatcmpl-972cad5b52d14711896ff71e sur chat_deepseek_com
2026-07-12 15:22:31,337 [INFO] [execute] page=chat_deepseek_com task=chatcmpl-972cad5b52d14711896ff71e prompt='lit tout le dossier /home/leon/essai/skills'
2026-07-12 15:22:31,345 [INFO] [execute] Fenetre ID: 23068732
2026-07-12 15:22:31,346 [INFO] [execute] Clic saisie: 401,528
2026-07-12 15:22:31,354 [INFO] [click] Absolu: 401,628
2026-07-12 15:22:32,068 [INFO] [execute] Collage prompt
2026-07-12 15:22:37,076 [WARNING] [subprocess] timeout: ['xclip', '-selection', 'c', '-i', '/tmp/tmpi1gpbf5o.txt']
2026-07-12 15:22:37,178 [INFO] [type] Collage: lit tout le dossier /home/leon/essai/skills...
2026-07-12 15:22:37,360 [INFO] [type] Collage OK
2026-07-12 15:22:37,661 [INFO] [execute] Clic send: 1127,590
2026-07-12 15:22:37,661 [INFO] [click] Absolu: 1127,690
2026-07-12 15:22:40,902 [INFO] [execute] Tentative copy 1/12...
2026-07-12 15:22:40,903 [INFO] [click] Absolu: 401,546
2026-07-12 15:22:41,964 [INFO] [execute] Reponse (xdotool) apres 10626ms
2026-07-12 15:22:42,851 [INFO] [worker] Execution tache chatcmpl-558e8b217a5b4dd9a571995e sur chat_deepseek_com
2026-07-12 15:22:42,854 [INFO] [execute] page=chat_deepseek_com task=chatcmpl-558e8b217a5b4dd9a571995e prompt='[ACTIONS REUSSIES - Voici les resultats]\nTu peux c'
2026-07-12 15:22:42,878 [INFO] [execute] Fenetre ID: 23068732
2026-07-12 15:22:42,879 [INFO] [execute] Clic saisie: 401,528
2026-07-12 15:22:42,879 [INFO] [click] Absolu: 401,628
2026-07-12 15:22:43,600 [INFO] [execute] Collage prompt
2026-07-12 15:22:48,608 [WARNING] [subprocess] timeout: ['xclip', '-selection', 'c', '-i', '/tmp/tmpfh6c7dy3.txt']
2026-07-12 15:22:48,710 [INFO] [type] Collage: [ACTIONS REUSSIES - Voici les resultats]
Tu peux c...
2026-07-12 15:22:48,919 [INFO] [type] Collage OK
2026-07-12 15:22:49,220 [INFO] [execute] Clic send: 1127,590
2026-07-12 15:22:49,221 [INFO] [click] Absolu: 1127,690
2026-07-12 15:22:52,435 [INFO] [execute] Tentative copy 1/12...
2026-07-12 15:22:52,436 [INFO] [click] Absolu: 401,546
2026-07-12 15:22:55,990 [INFO] [execute] Tentative copy 2/12...
2026-07-12 15:22:55,991 [INFO] [click] Absolu: 401,546
2026-07-12 15:22:57,078 [INFO] [execute] Reponse (xdotool) apres 14224ms
2026-07-12 15:22:57,968 [INFO] [worker] Execution tache chatcmpl-61814860fed941d8985d2985 sur chat_deepseek_com
2026-07-12 15:22:57,972 [INFO] [execute] page=chat_deepseek_com task=chatcmpl-61814860fed941d8985d2985 prompt='[ACTIONS REUSSIES - Voici les resultats]\nTu peux c'
2026-07-12 15:22:57,999 [INFO] [execute] Fenetre ID: 23068732
2026-07-12 15:22:57,999 [INFO] [execute] Clic saisie: 401,528
2026-07-12 15:22:57,999 [INFO] [click] Absolu: 401,628
2026-07-12 15:22:58,722 [INFO] [execute] Collage prompt
2026-07-12 15:23:03,728 [WARNING] [subprocess] timeout: ['xclip', '-selection', 'c', '-i', '/tmp/tmpq6bwo0lx.txt']
2026-07-12 15:23:03,829 [INFO] [type] Collage: [ACTIONS REUSSIES - Voici les resultats]
Tu peux c...
2026-07-12 15:23:04,019 [INFO] [type] Collage OK
2026-07-12 15:23:04,321 [INFO] [execute] Clic send: 1127,590
2026-07-12 15:23:04,333 [INFO] [click] Absolu: 1127,690
2026-07-12 15:23:07,548 [INFO] [execute] Tentative copy 1/12...
2026-07-12 15:23:07,548 [INFO] [click] Absolu: 401,546
2026-07-12 15:23:11,103 [INFO] [execute] Tentative copy 2/12...
2026-07-12 15:23:11,104 [INFO] [click] Absolu: 401,546
2026-07-12 15:23:12,187 [INFO] [execute] Reponse (xdotool) apres 14215ms
2026-07-12 15:25:19,809 [INFO] [worker] Execution tache chatcmpl-3ca18c78335748dcad2757a7 sur chat_deepseek_com
2026-07-12 15:25:19,813 [INFO] [execute] page=chat_deepseek_com task=chatcmpl-3ca18c78335748dcad2757a7 prompt='lit chaque code'
2026-07-12 15:25:19,841 [INFO] [execute] Fenetre ID: 23068732
2026-07-12 15:25:19,841 [INFO] [execute] Clic saisie: 401,528
2026-07-12 15:25:19,864 [INFO] [click] Absolu: 401,628
2026-07-12 15:25:20,578 [INFO] [execute] Collage prompt
2026-07-12 15:25:25,587 [WARNING] [subprocess] timeout: ['xclip', '-selection', 'c', '-i', '/tmp/tmpid6ucrnr.txt']
2026-07-12 15:25:25,688 [INFO] [type] Collage: lit chaque code...
2026-07-12 15:25:25,881 [INFO] [type] Collage OK
2026-07-12 15:25:26,182 [INFO] [execute] Clic send: 1127,590
2026-07-12 15:25:26,183 [INFO] [click] Absolu: 1127,690
2026-07-12 15:25:29,412 [INFO] [execute] Tentative copy 1/12...
2026-07-12 15:25:29,412 [INFO] [click] Absolu: 401,546
2026-07-12 15:25:30,492 [INFO] [execute] Reponse (xdotool) apres 10679ms
2026-07-12 15:25:31,466 [INFO] [worker] Execution tache chatcmpl-ef5c17d6de294dcc86e92e15 sur chat_deepseek_com
2026-07-12 15:25:31,467 [INFO] [execute] page=chat_deepseek_com task=chatcmpl-ef5c17d6de294dcc86e92e15 prompt='[ACTIONS REUSSIES - Voici les resultats]\nTu peux c'
2026-07-12 15:25:31,491 [INFO] [execute] Fenetre ID: 23068732
2026-07-12 15:25:31,492 [INFO] [execute] Clic saisie: 401,528
2026-07-12 15:25:31,492 [INFO] [click] Absolu: 401,628
2026-07-12 15:25:32,222 [INFO] [execute] Collage prompt
2026-07-12 15:25:37,229 [WARNING] [subprocess] timeout: ['xclip', '-selection', 'c', '-i', '/tmp/tmpc154o9kg.txt']
2026-07-12 15:25:37,331 [INFO] [type] Collage: [ACTIONS REUSSIES - Voici les resultats]
Tu peux c...
2026-07-12 15:25:37,525 [INFO] [type] Collage OK
2026-07-12 15:25:37,826 [INFO] [execute] Clic send: 1127,590
2026-07-12 15:25:37,826 [INFO] [click] Absolu: 1127,690
2026-07-12 15:25:41,041 [INFO] [execute] Tentative copy 1/12...
2026-07-12 15:25:41,042 [INFO] [click] Absolu: 401,546
2026-07-12 15:25:44,600 [INFO] [execute] Tentative copy 2/12...
2026-07-12 15:25:44,601 [INFO] [click] Absolu: 401,546
2026-07-12 15:25:45,699 [INFO] [execute] Reponse (xdotool) apres 14231ms
2026-07-12 15:25:46,829 [INFO] [worker] Execution tache chatcmpl-0d5de9127788490386b61ba3 sur chat_deepseek_com
2026-07-12 15:25:46,833 [INFO] [execute] page=chat_deepseek_com task=chatcmpl-0d5de9127788490386b61ba3 prompt='[ACTIONS REUSSIES - Voici les resultats]\nTu peux c'
2026-07-12 15:25:46,856 [INFO] [execute] Fenetre ID: 23068732
2026-07-12 15:25:46,857 [INFO] [execute] Clic saisie: 401,528
2026-07-12 15:25:46,857 [INFO] [click] Absolu: 401,628
2026-07-12 15:25:47,579 [INFO] [execute] Collage prompt
2026-07-12 15:25:52,587 [WARNING] [subprocess] timeout: ['xclip', '-selection', 'c', '-i', '/tmp/tmpdsknwk44.txt']
2026-07-12 15:25:52,688 [INFO] [type] Collage: [ACTIONS REUSSIES - Voici les resultats]
Tu peux c...
2026-07-12 15:25:52,881 [INFO] [type] Collage OK
2026-07-12 15:25:53,183 [INFO] [execute] Clic send: 1127,590
2026-07-12 15:25:53,196 [INFO] [click] Absolu: 1127,690
2026-07-12 15:25:56,421 [INFO] [execute] Tentative copy 1/12...
2026-07-12 15:25:56,421 [INFO] [click] Absolu: 401,546
2026-07-12 15:25:59,979 [INFO] [execute] Tentative copy 2/12...
2026-07-12 15:25:59,980 [INFO] [click] Absolu: 401,546
2026-07-12 15:26:01,093 [INFO] [execute] Reponse (xdotool) apres 14260ms
2026-07-12 15:26:26,982 [INFO] [worker] Execution tache chatcmpl-bf91ebe9b6f641fda9cacf9b sur chat_deepseek_com
2026-07-12 15:26:26,985 [INFO] [execute] page=chat_deepseek_com task=chatcmpl-bf91ebe9b6f641fda9cacf9b prompt='lit les code du dossier'
2026-07-12 15:26:27,017 [INFO] [execute] Fenetre ID: 23068732
2026-07-12 15:26:27,017 [INFO] [execute] Clic saisie: 401,528
2026-07-12 15:26:27,037 [INFO] [click] Absolu: 401,628
2026-07-12 15:26:27,766 [INFO] [execute] Collage prompt
2026-07-12 15:26:32,774 [WARNING] [subprocess] timeout: ['xclip', '-selection', 'c', '-i', '/tmp/tmpg943403p.txt']
2026-07-12 15:26:32,875 [INFO] [type] Collage: lit les code du dossier...
2026-07-12 15:26:33,057 [INFO] [type] Collage OK
2026-07-12 15:26:33,358 [INFO] [execute] Clic send: 1127,590
2026-07-12 15:26:33,359 [INFO] [click] Absolu: 1127,690
2026-07-12 15:26:36,579 [INFO] [execute] Tentative copy 1/12...
2026-07-12 15:26:36,579 [INFO] [click] Absolu: 401,546
2026-07-12 15:26:40,155 [INFO] [execute] Tentative copy 2/12...
2026-07-12 15:26:40,156 [INFO] [click] Absolu: 401,546
2026-07-12 15:26:41,238 [INFO] [execute] Reponse (xdotool) apres 14253ms
2026-07-12 15:26:42,116 [INFO] [worker] Execution tache chatcmpl-659dcc9b724d4daf994b399b sur chat_deepseek_com
2026-07-12 15:26:42,120 [INFO] [execute] page=chat_deepseek_com task=chatcmpl-659dcc9b724d4daf994b399b prompt='[ACTIONS REUSSIES - Voici les resultats]\nTu peux c'
2026-07-12 15:26:42,153 [INFO] [execute] Fenetre ID: 23068732
2026-07-12 15:26:42,153 [INFO] [execute] Clic saisie: 401,528
2026-07-12 15:26:42,153 [INFO] [click] Absolu: 401,628
2026-07-12 15:26:42,881 [INFO] [execute] Collage prompt
2026-07-12 15:26:47,886 [WARNING] [subprocess] timeout: ['xclip', '-selection', 'c', '-i', '/tmp/tmpkvs2cm46.txt']
2026-07-12 15:26:47,987 [INFO] [type] Collage: [ACTIONS REUSSIES - Voici les resultats]
Tu peux c...
2026-07-12 15:26:48,178 [INFO] [type] Collage OK
2026-07-12 15:26:48,480 [INFO] [execute] Clic send: 1127,590
2026-07-12 15:26:48,480 [INFO] [click] Absolu: 1127,690
2026-07-12 15:26:51,708 [INFO] [execute] Tentative copy 1/12...
2026-07-12 15:26:51,708 [INFO] [click] Absolu: 401,546
2026-07-12 15:26:55,301 [INFO] [execute] Tentative copy 2/12...
2026-07-12 15:26:55,302 [INFO] [click] Absolu: 401,546
2026-07-12 15:26:56,392 [INFO] [execute] Reponse (xdotool) apres 14272ms
2026-07-12 15:26:57,096 [INFO] [worker] Execution tache chatcmpl-2ee57a75c144417ea7574d39 sur chat_deepseek_com
2026-07-12 15:26:57,099 [INFO] [execute] page=chat_deepseek_com task=chatcmpl-2ee57a75c144417ea7574d39 prompt='[ACTIONS REUSSIES - Voici les resultats]\nTu peux c'
2026-07-12 15:26:57,125 [INFO] [execute] Fenetre ID: 23068732
2026-07-12 15:26:57,125 [INFO] [execute] Clic saisie: 401,528
2026-07-12 15:26:57,142 [INFO] [click] Absolu: 401,628
2026-07-12 15:26:57,855 [INFO] [execute] Collage prompt
2026-07-12 15:27:02,865 [WARNING] [subprocess] timeout: ['xclip', '-selection', 'c', '-i', '/tmp/tmpqt66v6ou.txt']
2026-07-12 15:27:02,969 [INFO] [type] Collage: [ACTIONS REUSSIES - Voici les resultats]
Tu peux c...
2026-07-12 15:27:03,155 [INFO] [type] Collage OK
2026-07-12 15:27:03,456 [INFO] [execute] Clic send: 1127,590
2026-07-12 15:27:03,456 [INFO] [click] Absolu: 1127,690
2026-07-12 15:27:06,671 [INFO] [execute] Tentative copy 1/12...
2026-07-12 15:27:06,671 [INFO] [click] Absolu: 401,546
2026-07-12 15:27:07,739 [INFO] [execute] Reponse (xdotool) apres 10639ms
2026-07-12 15:30:33,064 [INFO] [worker] Execution tache chatcmpl-fc0e1592214d48f390c64b1d sur chat_deepseek_com
2026-07-12 15:30:33,068 [INFO] [execute] page=chat_deepseek_com task=chatcmpl-fc0e1592214d48f390c64b1d prompt='pourquoi tu ne fais pas une emem action en boicle?'
2026-07-12 15:30:33,097 [INFO] [execute] Fenetre ID: 23068732
2026-07-12 15:30:33,101 [INFO] [execute] Clic saisie: 401,528
2026-07-12 15:30:33,127 [INFO] [click] Absolu: 401,628
2026-07-12 15:30:33,855 [INFO] [execute] Collage prompt
2026-07-12 15:30:38,864 [WARNING] [subprocess] timeout: ['xclip', '-selection', 'c', '-i', '/tmp/tmpezpgaruf.txt']
2026-07-12 15:30:38,965 [INFO] [type] Collage: pourquoi tu ne fais pas une emem action en boicle?...
2026-07-12 15:30:39,155 [INFO] [type] Collage OK
2026-07-12 15:30:39,457 [INFO] [execute] Clic send: 1127,590
2026-07-12 15:30:39,458 [INFO] [click] Absolu: 1127,690
2026-07-12 15:30:42,683 [INFO] [execute] Tentative copy 1/12...
2026-07-12 15:30:42,684 [INFO] [click] Absolu: 401,546
2026-07-12 15:30:43,745 [INFO] [execute] Reponse (xdotool) apres 10677ms
2026-07-12 15:30:44,450 [INFO] [worker] Execution tache chatcmpl-5dce3c6a63fc45f19fde9679 sur chat_deepseek_com
2026-07-12 15:30:44,454 [INFO] [execute] page=chat_deepseek_com task=chatcmpl-5dce3c6a63fc45f19fde9679 prompt='[ACTIONS REUSSIES - Voici les resultats]\nTu peux c'
2026-07-12 15:30:44,482 [INFO] [execute] Fenetre ID: 23068732
2026-07-12 15:30:44,483 [INFO] [execute] Clic saisie: 401,528
2026-07-12 15:30:44,483 [INFO] [click] Absolu: 401,628
2026-07-12 15:30:45,203 [INFO] [execute] Collage prompt
2026-07-12 15:30:50,211 [WARNING] [subprocess] timeout: ['xclip', '-selection', 'c', '-i', '/tmp/tmpkfwupsrk.txt']
2026-07-12 15:30:50,313 [INFO] [type] Collage: [ACTIONS REUSSIES - Voici les resultats]
Tu peux c...
2026-07-12 15:30:50,542 [INFO] [type] Collage OK
2026-07-12 15:30:50,843 [INFO] [execute] Clic send: 1127,590
2026-07-12 15:30:50,843 [INFO] [click] Absolu: 1127,690
2026-07-12 15:30:54,063 [INFO] [execute] Tentative copy 1/12...
2026-07-12 15:30:54,064 [INFO] [click] Absolu: 401,546
2026-07-12 15:30:57,624 [INFO] [execute] Tentative copy 2/12...
2026-07-12 15:30:57,625 [INFO] [click] Absolu: 401,546
2026-07-12 15:31:01,223 [INFO] [execute] Tentative copy 3/12...
2026-07-12 15:31:01,224 [INFO] [click] Absolu: 401,546
2026-07-12 15:31:04,840 [INFO] [execute] Tentative copy 4/12...
2026-07-12 15:31:04,851 [INFO] [click] Absolu: 401,546
2026-07-12 15:31:08,410 [INFO] [execute] Tentative copy 5/12...
2026-07-12 15:31:08,411 [INFO] [click] Absolu: 401,546
2026-07-12 15:31:11,993 [INFO] [execute] Tentative copy 6/12...
2026-07-12 15:31:11,994 [INFO] [click] Absolu: 401,546
2026-07-12 15:31:15,576 [INFO] [execute] Tentative copy 7/12...
2026-07-12 15:31:15,577 [INFO] [click] Absolu: 401,546
2026-07-12 15:31:19,165 [INFO] [execute] Tentative copy 8/12...
2026-07-12 15:31:19,166 [INFO] [click] Absolu: 401,546
2026-07-12 15:31:22,748 [INFO] [execute] Tentative copy 9/12...
2026-07-12 15:31:22,748 [INFO] [click] Absolu: 401,546
2026-07-12 15:31:26,315 [INFO] [execute] Tentative copy 10/12...
2026-07-12 15:31:26,316 [INFO] [click] Absolu: 401,546
2026-07-12 15:31:29,917 [INFO] [execute] Tentative copy 11/12...
2026-07-12 15:31:29,917 [INFO] [click] Absolu: 401,546
2026-07-12 15:42:50,492 [INFO] [load_configs] 3 configs chargees: ['chat_deepseek_com', 'www_kimi_com', 'chat_qwen_ai']
2026-07-12 15:42:50,572 [INFO] NEMESIS demarre sur i686 (32-bit, Python 3.13.5) (mem: 368/1978 MB)
2026-07-12 15:42:52,335 [INFO] [window] Fenetre trouvee: ASTARTE BAM v6.0 Initial Connection Check - DeepSeek — Mozil (ID: 23068732)
2026-07-12 15:43:23,747 [INFO] [worker] Demarrage pour chat_deepseek_com
2026-07-12 15:43:23,747 [INFO] [ensure_worker] Worker cree pour chat_deepseek_com
2026-07-12 15:43:23,752 [INFO] [worker] Execution tache chatcmpl-0fb88def18c643659de1e808 sur chat_deepseek_com
2026-07-12 15:43:23,756 [INFO] [execute] page=chat_deepseek_com task=chatcmpl-0fb88def18c643659de1e808 prompt='lit tout le dossier /home/leon/essai/skills'
2026-07-12 15:43:23,787 [INFO] [execute] Fenetre ID: 23068732
2026-07-12 15:43:23,788 [INFO] [execute] Clic saisie: 401,528
2026-07-12 15:43:23,796 [INFO] [click] Absolu: 401,628
2026-07-12 15:43:24,524 [INFO] [execute] Collage prompt
2026-07-12 15:43:29,533 [WARNING] [subprocess] timeout: ['xclip', '-selection', 'c', '-i', '/tmp/tmpmiupi3sq.txt']
2026-07-12 15:43:29,635 [INFO] [type] Collage: lit tout le dossier /home/leon/essai/skills...
2026-07-12 15:43:29,824 [INFO] [type] Collage OK
2026-07-12 15:43:30,126 [INFO] [execute] Clic send: 1127,590
2026-07-12 15:43:30,126 [INFO] [click] Absolu: 1127,690
2026-07-12 15:43:33,346 [INFO] [execute] Tentative copy 1/12...
2026-07-12 15:43:33,347 [INFO] [click] Absolu: 401,546
2026-07-12 15:43:34,416 [INFO] [execute] Reponse (xdotool) apres 10661ms
2026-07-12 15:43:35,236 [INFO] [worker] Execution tache chatcmpl-981da6f27a694126b89e83a4 sur chat_deepseek_com
2026-07-12 15:43:35,239 [INFO] [execute] page=chat_deepseek_com task=chatcmpl-981da6f27a694126b89e83a4 prompt='[ACTIONS REUSSIES - Etape 1/3]\nATTENTION: Ne repet'
2026-07-12 15:43:35,269 [INFO] [execute] Fenetre ID: 23068732
2026-07-12 15:43:35,269 [INFO] [execute] Clic saisie: 401,528
2026-07-12 15:43:35,271 [INFO] [click] Absolu: 401,628
2026-07-12 15:43:35,988 [INFO] [execute] Collage prompt
2026-07-12 15:43:40,996 [WARNING] [subprocess] timeout: ['xclip', '-selection', 'c', '-i', '/tmp/tmpdqc3a0k8.txt']
2026-07-12 15:43:41,098 [INFO] [type] Collage: [ACTIONS REUSSIES - Etape 1/3]
ATTENTION: Ne repet...
2026-07-12 15:43:41,287 [INFO] [type] Collage OK
2026-07-12 15:43:41,588 [INFO] [execute] Clic send: 1127,590
2026-07-12 15:43:41,589 [INFO] [click] Absolu: 1127,690
2026-07-12 15:43:44,816 [INFO] [execute] Tentative copy 1/12...
2026-07-12 15:43:44,816 [INFO] [click] Absolu: 401,546
2026-07-12 15:43:48,405 [INFO] [execute] Tentative copy 2/12...
2026-07-12 15:43:48,405 [INFO] [click] Absolu: 401,546
2026-07-12 15:43:51,965 [INFO] [execute] Tentative copy 3/12...
2026-07-12 15:43:51,965 [INFO] [click] Absolu: 401,546
2026-07-12 15:43:53,025 [INFO] [execute] Reponse (xdotool) apres 17786ms
2026-07-12 15:43:54,038 [INFO] [worker] Execution tache chatcmpl-2e1e6e3c2f8b4422aa7b4e30 sur chat_deepseek_com
2026-07-12 15:43:54,042 [INFO] [execute] page=chat_deepseek_com task=chatcmpl-2e1e6e3c2f8b4422aa7b4e30 prompt='[CONTEXTE FEEDBACK - Tentative 2/3]\nPrompt origina'
2026-07-12 15:43:54,068 [INFO] [execute] Fenetre ID: 23068732
2026-07-12 15:43:54,070 [INFO] [execute] Clic saisie: 401,528
2026-07-12 15:43:54,084 [INFO] [click] Absolu: 401,628
2026-07-12 15:43:54,798 [INFO] [execute] Collage prompt
2026-07-12 15:43:59,806 [WARNING] [subprocess] timeout: ['xclip', '-selection', 'c', '-i', '/tmp/tmprciufnsm.txt']
2026-07-12 15:43:59,907 [INFO] [type] Collage: [CONTEXTE FEEDBACK - Tentative 2/3]
Prompt origina...
2026-07-12 15:44:00,099 [INFO] [type] Collage OK
2026-07-12 15:44:00,400 [INFO] [execute] Clic send: 1127,590
2026-07-12 15:44:00,401 [INFO] [click] Absolu: 1127,690
2026-07-12 15:44:03,614 [INFO] [execute] Tentative copy 1/12...
2026-07-12 15:44:03,614 [INFO] [click] Absolu: 401,546
2026-07-12 15:44:07,181 [INFO] [execute] Tentative copy 2/12...
2026-07-12 15:44:07,182 [INFO] [click] Absolu: 401,546
2026-07-12 15:44:08,275 [INFO] [execute] Reponse (xdotool) apres 14233ms
2026-07-12 15:48:50,641 [INFO] [worker] Execution tache chatcmpl-7f1298229e554744980f4679 sur chat_deepseek_com
2026-07-12 15:48:50,642 [INFO] [execute] page=chat_deepseek_com task=chatcmpl-7f1298229e554744980f4679 prompt='lit /home/leon/essai/skills'
2026-07-12 15:48:50,650 [INFO] [execute] Fenetre ID: 23068732
2026-07-12 15:48:50,651 [INFO] [execute] Clic saisie: 401,528
2026-07-12 15:48:50,659 [INFO] [click] Absolu: 401,628
2026-07-12 15:48:51,408 [INFO] [execute] Collage prompt
2026-07-12 15:48:56,417 [WARNING] [subprocess] timeout: ['xclip', '-selection', 'c', '-i', '/tmp/tmpr6lb3k98.txt']
2026-07-12 15:48:56,518 [INFO] [type] Collage: lit /home/leon/essai/skills...
2026-07-12 15:48:56,701 [INFO] [type] Collage OK
2026-07-12 15:48:57,002 [INFO] [execute] Clic send: 1127,590
2026-07-12 15:48:57,003 [INFO] [click] Absolu: 1127,690
2026-07-12 15:49:00,235 [INFO] [execute] Tentative copy 1/12...
2026-07-12 15:49:00,236 [INFO] [click] Absolu: 401,546
2026-07-12 15:49:01,297 [INFO] [execute] Reponse (xdotool) apres 10655ms
2026-07-12 15:49:02,132 [INFO] [worker] Execution tache chatcmpl-e1307d14d87748638629bd48 sur chat_deepseek_com
2026-07-12 15:49:02,135 [INFO] [execute] page=chat_deepseek_com task=chatcmpl-e1307d14d87748638629bd48 prompt='[CONTEXTE FEEDBACK - Tentative 1/3]\nPrompt origina'
2026-07-12 15:49:02,166 [INFO] [execute] Fenetre ID: 23068732
2026-07-12 15:49:02,166 [INFO] [execute] Clic saisie: 401,528
2026-07-12 15:49:02,166 [INFO] [click] Absolu: 401,628
2026-07-12 15:49:02,901 [INFO] [execute] Collage prompt
2026-07-12 15:49:07,905 [WARNING] [subprocess] timeout: ['xclip', '-selection', 'c', '-i', '/tmp/tmpck8tjzjn.txt']
2026-07-12 15:49:08,006 [INFO] [type] Collage: [CONTEXTE FEEDBACK - Tentative 1/3]
Prompt origina...
2026-07-12 15:49:08,230 [INFO] [type] Collage OK
2026-07-12 15:49:08,531 [INFO] [execute] Clic send: 1127,590
2026-07-12 15:49:08,531 [INFO] [click] Absolu: 1127,690
2026-07-12 15:49:11,744 [INFO] [execute] Tentative copy 1/12...
2026-07-12 15:49:11,745 [INFO] [click] Absolu: 401,546
2026-07-12 15:49:15,312 [INFO] [execute] Tentative copy 2/12...
2026-07-12 15:49:15,312 [INFO] [click] Absolu: 401,546
2026-07-12 15:49:18,877 [INFO] [execute] Tentative copy 3/12...
2026-07-12 15:49:18,877 [INFO] [click] Absolu: 401,546
2026-07-12 15:49:19,963 [INFO] [execute] Reponse (xdotool) apres 17828ms
2026-07-12 15:49:21,158 [INFO] [worker] Execution tache chatcmpl-0cb6ac05b2f547b2a51dcd03 sur chat_deepseek_com
2026-07-12 15:49:21,162 [INFO] [execute] page=chat_deepseek_com task=chatcmpl-0cb6ac05b2f547b2a51dcd03 prompt='[CONTEXTE FEEDBACK - Tentative 2/3]\nPrompt origina'
2026-07-12 15:49:21,186 [INFO] [execute] Fenetre ID: 23068732
2026-07-12 15:49:21,186 [INFO] [execute] Clic saisie: 401,528
2026-07-12 15:49:21,203 [INFO] [click] Absolu: 401,628
2026-07-12 15:49:21,916 [INFO] [execute] Collage prompt
2026-07-12 15:49:26,928 [WARNING] [subprocess] timeout: ['xclip', '-selection', 'c', '-i', '/tmp/tmp941aa85e.txt']
2026-07-12 15:49:27,030 [INFO] [type] Collage: [CONTEXTE FEEDBACK - Tentative 2/3]
Prompt origina...
2026-07-12 15:49:27,220 [INFO] [type] Collage OK
2026-07-12 15:49:27,521 [INFO] [execute] Clic send: 1127,590
2026-07-12 15:49:27,522 [INFO] [click] Absolu: 1127,690
2026-07-12 15:49:30,737 [INFO] [execute] Tentative copy 1/12...
2026-07-12 15:49:30,737 [INFO] [click] Absolu: 401,546
2026-07-12 15:49:34,297 [INFO] [execute] Tentative copy 2/12...
2026-07-12 15:49:34,297 [INFO] [click] Absolu: 401,546
2026-07-12 15:49:35,367 [INFO] [execute] Reponse (xdotool) apres 14205ms
2026-07-12 15:49:36,249 [INFO] [worker] Execution tache chatcmpl-c5a029d8dbdb4dd19fb6fa26 sur chat_deepseek_com
2026-07-12 15:49:36,250 [INFO] [execute] page=chat_deepseek_com task=chatcmpl-c5a029d8dbdb4dd19fb6fa26 prompt='[CONTEXTE FEEDBACK - Tentative 3/3]\nPrompt origina'
2026-07-12 15:49:36,280 [INFO] [execute] Fenetre ID: 23068732
2026-07-12 15:49:36,281 [INFO] [execute] Clic saisie: 401,528
2026-07-12 15:49:36,281 [INFO] [click] Absolu: 401,628
2026-07-12 15:49:37,002 [INFO] [execute] Collage prompt
2026-07-12 15:49:42,011 [WARNING] [subprocess] timeout: ['xclip', '-selection', 'c', '-i', '/tmp/tmp0n4ak0hd.txt']
2026-07-12 15:49:42,112 [INFO] [type] Collage: [CONTEXTE FEEDBACK - Tentative 3/3]
Prompt origina...
2026-07-12 15:49:42,301 [INFO] [type] Collage OK
2026-07-12 15:49:42,602 [INFO] [execute] Clic send: 1127,590
2026-07-12 15:49:42,603 [INFO] [click] Absolu: 1127,690
2026-07-12 15:49:45,823 [INFO] [execute] Tentative copy 1/12...
2026-07-12 15:49:45,823 [INFO] [click] Absolu: 401,546
2026-07-12 15:49:49,378 [INFO] [execute] Tentative copy 2/12...
2026-07-12 15:49:49,379 [INFO] [click] Absolu: 401,546
2026-07-12 15:49:50,467 [INFO] [execute] Reponse (xdotool) apres 14217ms
2026-07-12 15:49:51,440 [INFO] [worker] Execution tache chatcmpl-27d86fd5caa141b88e1af868 sur chat_deepseek_com
2026-07-12 15:49:51,444 [INFO] [execute] page=chat_deepseek_com task=chatcmpl-27d86fd5caa141b88e1af868 prompt='[CONTEXTE FEEDBACK - Tentative 4/3]\nPrompt origina'
2026-07-12 15:49:51,469 [INFO] [execute] Fenetre ID: 23068732
2026-07-12 15:49:51,470 [INFO] [execute] Clic saisie: 401,528
2026-07-12 15:49:51,488 [INFO] [click] Absolu: 401,628
2026-07-12 15:49:52,204 [INFO] [execute] Collage prompt
2026-07-12 15:49:57,211 [WARNING] [subprocess] timeout: ['xclip', '-selection', 'c', '-i', '/tmp/tmprowdvmzr.txt']
2026-07-12 15:49:57,312 [INFO] [type] Collage: [CONTEXTE FEEDBACK - Tentative 4/3]
Prompt origina...
2026-07-12 15:49:57,502 [INFO] [type] Collage OK
2026-07-12 15:49:57,804 [INFO] [execute] Clic send: 1127,590
2026-07-12 15:49:57,804 [INFO] [click] Absolu: 1127,690
2026-07-12 15:50:01,024 [INFO] [execute] Tentative copy 1/12...
2026-07-12 15:50:01,025 [INFO] [click] Absolu: 401,546
2026-07-12 15:50:04,577 [INFO] [execute] Tentative copy 2/12...
2026-07-12 15:50:04,578 [INFO] [click] Absolu: 401,546
2026-07-12 15:50:05,661 [INFO] [execute] Reponse (xdotool) apres 14218ms
2026-07-12 15:54:35,521 [INFO] [worker] Execution tache chatcmpl-087c570819274635bab681a5 sur chat_deepseek_com
2026-07-12 15:54:35,522 [INFO] [execute] page=chat_deepseek_com task=chatcmpl-087c570819274635bab681a5 prompt='lit le dossier un à les code dans /home/leon/essai'
2026-07-12 15:54:35,530 [INFO] [execute] Fenetre ID: 23068732
2026-07-12 15:54:35,531 [INFO] [execute] Clic saisie: 401,528
2026-07-12 15:54:35,539 [INFO] [click] Absolu: 401,628
2026-07-12 15:54:36,287 [INFO] [execute] Collage prompt
2026-07-12 15:54:41,294 [WARNING] [subprocess] timeout: ['xclip', '-selection', 'c', '-i', '/tmp/tmpm1_v_bec.txt']
2026-07-12 15:54:41,396 [INFO] [type] Collage: lit le dossier un à les code dans /home/leon/essai...
2026-07-12 15:54:41,574 [INFO] [type] Collage OK
2026-07-12 15:54:41,874 [INFO] [execute] Clic send: 1127,590
2026-07-12 15:54:41,875 [INFO] [click] Absolu: 1127,690
2026-07-12 15:54:45,096 [INFO] [execute] Tentative copy 1/12...
2026-07-12 15:54:45,096 [INFO] [click] Absolu: 401,546
2026-07-12 15:54:46,148 [INFO] [execute] Reponse (xdotool) apres 10626ms
2026-07-12 15:54:46,985 [INFO] [worker] Execution tache chatcmpl-062613b6771d453684b43ab1 sur chat_deepseek_com
2026-07-12 15:54:46,990 [INFO] [execute] page=chat_deepseek_com task=chatcmpl-062613b6771d453684b43ab1 prompt='[ACTIONS REUSSIES - Etape 1/3]\nATTENTION: Ne repet'
2026-07-12 15:54:47,017 [INFO] [execute] Fenetre ID: 23068732
2026-07-12 15:54:47,017 [INFO] [execute] Clic saisie: 401,528
2026-07-12 15:54:47,018 [INFO] [click] Absolu: 401,628
2026-07-12 15:54:47,740 [INFO] [execute] Collage prompt
2026-07-12 15:54:52,749 [WARNING] [subprocess] timeout: ['xclip', '-selection', 'c', '-i', '/tmp/tmpklf_7kuk.txt']
2026-07-12 15:54:52,850 [INFO] [type] Collage: [ACTIONS REUSSIES - Etape 1/3]
ATTENTION: Ne repet...
2026-07-12 15:54:53,042 [INFO] [type] Collage OK
2026-07-12 15:54:53,344 [INFO] [execute] Clic send: 1127,590
2026-07-12 15:54:53,344 [INFO] [click] Absolu: 1127,690
2026-07-12 15:54:56,559 [INFO] [execute] Tentative copy 1/12...
2026-07-12 15:54:56,560 [INFO] [click] Absolu: 401,546
2026-07-12 15:55:00,118 [INFO] [execute] Tentative copy 2/12...
2026-07-12 15:55:00,119 [INFO] [click] Absolu: 401,546
2026-07-12 15:55:01,195 [INFO] [execute] Reponse (xdotool) apres 14205ms
2026-07-12 15:55:02,116 [INFO] [worker] Execution tache chatcmpl-3ca9232685b24fbe8d2d558e sur chat_deepseek_com
2026-07-12 15:55:02,120 [INFO] [execute] page=chat_deepseek_com task=chatcmpl-3ca9232685b24fbe8d2d558e prompt='[ACTIONS REUSSIES - Etape 2/3]\nATTENTION: Ne repet'
2026-07-12 15:55:02,150 [INFO] [execute] Fenetre ID: 23068732
2026-07-12 15:55:02,151 [INFO] [execute] Clic saisie: 401,528
2026-07-12 15:55:02,152 [INFO] [click] Absolu: 401,628
2026-07-12 15:55:02,871 [INFO] [execute] Collage prompt
2026-07-12 15:55:07,880 [WARNING] [subprocess] timeout: ['xclip', '-selection', 'c', '-i', '/tmp/tmp2t1cazws.txt']
2026-07-12 15:55:07,983 [INFO] [type] Collage: [ACTIONS REUSSIES - Etape 2/3]
ATTENTION: Ne repet...
2026-07-12 15:55:08,169 [INFO] [type] Collage OK
2026-07-12 15:55:08,473 [INFO] [execute] Clic send: 1127,590
2026-07-12 15:55:08,487 [INFO] [click] Absolu: 1127,690
2026-07-12 15:55:11,700 [INFO] [execute] Tentative copy 1/12...
2026-07-12 15:55:11,701 [INFO] [click] Absolu: 401,546
2026-07-12 15:55:15,259 [INFO] [execute] Tentative copy 2/12...
2026-07-12 15:55:15,260 [INFO] [click] Absolu: 401,546
2026-07-12 15:55:16,343 [INFO] [execute] Reponse (xdotool) apres 14223ms
2026-07-12 15:55:41,115 [INFO] [worker] Execution tache chatcmpl-b349d46bf87740a88bd7f3cf sur chat_deepseek_com
2026-07-12 15:55:41,116 [INFO] [execute] page=chat_deepseek_com task=chatcmpl-b349d46bf87740a88bd7f3cf prompt='tu as tout lu?'
2026-07-12 15:55:41,145 [INFO] [execute] Fenetre ID: 23068732
2026-07-12 15:55:41,146 [INFO] [execute] Clic saisie: 401,528
2026-07-12 15:55:41,167 [INFO] [click] Absolu: 401,628
2026-07-12 15:55:41,884 [INFO] [execute] Collage prompt
2026-07-12 15:55:46,887 [WARNING] [subprocess] timeout: ['xclip', '-selection', 'c', '-i', '/tmp/tmpdoj1mtek.txt']
2026-07-12 15:55:46,989 [INFO] [type] Collage: tu as tout lu?...
2026-07-12 15:55:47,183 [INFO] [type] Collage OK
2026-07-12 15:55:47,485 [INFO] [execute] Clic send: 1127,590
2026-07-12 15:55:47,486 [INFO] [click] Absolu: 1127,690
2026-07-12 15:55:50,705 [INFO] [execute] Tentative copy 1/12...
2026-07-12 15:55:50,706 [INFO] [click] Absolu: 401,546
2026-07-12 15:55:54,264 [INFO] [execute] Tentative copy 2/12...
2026-07-12 15:55:54,265 [INFO] [click] Absolu: 401,546
2026-07-12 15:55:55,358 [INFO] [execute] Reponse (xdotool) apres 14241ms
2026-07-12 15:55:56,164 [INFO] [worker] Execution tache chatcmpl-66a44d2bf17d42fa984445d6 sur chat_deepseek_com
2026-07-12 15:55:56,169 [INFO] [execute] page=chat_deepseek_com task=chatcmpl-66a44d2bf17d42fa984445d6 prompt='[ACTIONS REUSSIES - Etape 1/3]\nATTENTION: Ne repet'
2026-07-12 15:55:56,196 [INFO] [execute] Fenetre ID: 23068732
2026-07-12 15:55:56,197 [INFO] [execute] Clic saisie: 401,528
2026-07-12 15:55:56,198 [INFO] [click] Absolu: 401,628
2026-07-12 15:55:56,916 [INFO] [execute] Collage prompt
2026-07-12 15:56:01,924 [WARNING] [subprocess] timeout: ['xclip', '-selection', 'c', '-i', '/tmp/tmpjv0rp40j.txt']
2026-07-12 15:56:02,025 [INFO] [type] Collage: [ACTIONS REUSSIES - Etape 1/3]
ATTENTION: Ne repet...
2026-07-12 15:56:02,212 [INFO] [type] Collage OK
2026-07-12 15:56:02,514 [INFO] [execute] Clic send: 1127,590
2026-07-12 15:56:02,514 [INFO] [click] Absolu: 1127,690
2026-07-12 15:56:05,728 [INFO] [execute] Tentative copy 1/12...
2026-07-12 15:56:05,728 [INFO] [click] Absolu: 401,546
2026-07-12 15:56:09,282 [INFO] [execute] Tentative copy 2/12...
2026-07-12 15:56:09,282 [INFO] [click] Absolu: 401,546
2026-07-12 15:56:10,359 [INFO] [execute] Reponse (xdotool) apres 14190ms
2026-07-12 15:56:11,309 [INFO] [worker] Execution tache chatcmpl-09a86eef8c334998a144b7cc sur chat_deepseek_com
2026-07-12 15:56:11,313 [INFO] [execute] page=chat_deepseek_com task=chatcmpl-09a86eef8c334998a144b7cc prompt='[ACTIONS REUSSIES - Etape 2/3]\nATTENTION: Ne repet'
2026-07-12 15:56:11,342 [INFO] [execute] Fenetre ID: 23068732
2026-07-12 15:56:11,342 [INFO] [execute] Clic saisie: 401,528
2026-07-12 15:56:11,357 [INFO] [click] Absolu: 401,628
2026-07-12 15:56:12,072 [INFO] [execute] Collage prompt
2026-07-12 15:56:17,080 [WARNING] [subprocess] timeout: ['xclip', '-selection', 'c', '-i', '/tmp/tmpvq230ipe.txt']
2026-07-12 15:56:17,182 [INFO] [type] Collage: [ACTIONS REUSSIES - Etape 2/3]
ATTENTION: Ne repet...
2026-07-12 15:56:17,375 [INFO] [type] Collage OK
2026-07-12 15:56:17,677 [INFO] [execute] Clic send: 1127,590
2026-07-12 15:56:17,677 [INFO] [click] Absolu: 1127,690
2026-07-12 15:56:20,898 [INFO] [execute] Tentative copy 1/12...
2026-07-12 15:56:20,898 [INFO] [click] Absolu: 401,546
2026-07-12 15:56:24,452 [INFO] [execute] Tentative copy 2/12...
2026-07-12 15:56:24,453 [INFO] [click] Absolu: 401,546
2026-07-12 15:56:25,525 [INFO] [execute] Reponse (xdotool) apres 14212ms
2026-07-12 15:56:26,479 [INFO] [worker] Execution tache chatcmpl-d40cbee4cd294f7f91282788 sur chat_deepseek_com
2026-07-12 15:56:26,483 [INFO] [execute] page=chat_deepseek_com task=chatcmpl-d40cbee4cd294f7f91282788 prompt='[CONTEXTE FEEDBACK - Tentative 3/3]\nPrompt origina'
2026-07-12 15:56:26,514 [INFO] [execute] Fenetre ID: 23068732
2026-07-12 15:56:26,514 [INFO] [execute] Clic saisie: 401,528
2026-07-12 15:56:26,514 [INFO] [click] Absolu: 401,628
2026-07-12 15:56:27,230 [INFO] [execute] Collage prompt
2026-07-12 15:56:32,238 [WARNING] [subprocess] timeout: ['xclip', '-selection', 'c', '-i', '/tmp/tmpqham69xa.txt']
2026-07-12 15:56:32,339 [INFO] [type] Collage: [CONTEXTE FEEDBACK - Tentative 3/3]
Prompt origina...
2026-07-12 15:56:32,531 [INFO] [type] Collage OK
2026-07-12 15:56:32,833 [INFO] [execute] Clic send: 1127,590
2026-07-12 15:56:32,833 [INFO] [click] Absolu: 1127,690
2026-07-12 15:56:36,047 [INFO] [execute] Tentative copy 1/12...
2026-07-12 15:56:36,047 [INFO] [click] Absolu: 401,546
2026-07-12 15:56:39,606 [INFO] [execute] Tentative copy 2/12...
2026-07-12 15:56:39,606 [INFO] [click] Absolu: 401,546
2026-07-12 15:56:40,672 [INFO] [execute] Reponse (xdotool) apres 14189ms
2026-07-12 16:04:58,866 [INFO] [register_page] Config sauvegardee pour chat_deepseek_com: {'input_click': [401, 528], 'send_click': [1127, 590], 'copy_zone': [401, 446], 'wait_time': 8}
2026-07-12 16:04:58,926 [INFO] [save_configs] 3 configs sauvegardees
2026-07-12 16:06:17,101 [INFO] [worker] Execution tache chatcmpl-150f3330142040c3b3deba2a sur chat_deepseek_com
2026-07-12 16:06:17,102 [INFO] [execute] page=chat_deepseek_com task=chatcmpl-150f3330142040c3b3deba2a prompt='lit tout le dossier /home/leon/essai/skills'
2026-07-12 16:06:17,110 [INFO] [execute] Fenetre ID: 23068732
2026-07-12 16:06:17,111 [INFO] [execute] Clic saisie: 401,528
2026-07-12 16:06:17,119 [INFO] [click] Absolu: 403,628
2026-07-12 16:06:17,836 [INFO] [execute] Collage prompt
2026-07-12 16:06:22,842 [WARNING] [subprocess] timeout: ['xclip', '-selection', 'c', '-i', '/tmp/tmplzjx85n1.txt']
2026-07-12 16:06:22,943 [INFO] [type] Collage: lit tout le dossier /home/leon/essai/skills...
2026-07-12 16:06:23,137 [INFO] [type] Collage OK
2026-07-12 16:06:23,439 [INFO] [execute] Clic send: 1127,590
2026-07-12 16:06:23,440 [INFO] [click] Absolu: 1129,690
2026-07-12 16:06:26,661 [INFO] [execute] Tentative copy 1/12...
2026-07-12 16:06:26,662 [INFO] [click] Absolu: 403,546
2026-07-12 16:06:30,227 [INFO] [execute] Tentative copy 2/12...
2026-07-12 16:06:30,227 [INFO] [click] Absolu: 403,546
2026-07-12 16:06:31,300 [INFO] [execute] Reponse (xdotool) apres 14198ms
2026-07-12 16:06:32,195 [INFO] [worker] Execution tache chatcmpl-437ed5423c954f5aabc72cc2 sur chat_deepseek_com
2026-07-12 16:06:32,198 [INFO] [execute] page=chat_deepseek_com task=chatcmpl-437ed5423c954f5aabc72cc2 prompt='[ACTIONS REUSSIES - Etape 1/3]\nATTENTION: Ne repet'
2026-07-12 16:06:32,225 [INFO] [execute] Fenetre ID: 23068732
2026-07-12 16:06:32,226 [INFO] [execute] Clic saisie: 401,528
2026-07-12 16:06:32,229 [INFO] [click] Absolu: 403,628
2026-07-12 16:06:32,956 [INFO] [execute] Collage prompt
2026-07-12 16:06:37,960 [WARNING] [subprocess] timeout: ['xclip', '-selection', 'c', '-i', '/tmp/tmpxdcveuf6.txt']
2026-07-12 16:06:38,062 [INFO] [type] Collage: [ACTIONS REUSSIES - Etape 1/3]
ATTENTION: Ne repet...
2026-07-12 16:06:38,254 [INFO] [type] Collage OK
2026-07-12 16:06:38,554 [INFO] [execute] Clic send: 1127,590
2026-07-12 16:06:38,555 [INFO] [click] Absolu: 1129,690
2026-07-12 16:06:41,769 [INFO] [execute] Tentative copy 1/12...
2026-07-12 16:06:41,769 [INFO] [click] Absolu: 403,546
2026-07-12 16:06:45,335 [INFO] [execute] Tentative copy 2/12...
2026-07-12 16:06:45,335 [INFO] [click] Absolu: 403,546
2026-07-12 16:06:46,431 [INFO] [execute] Reponse (xdotool) apres 14233ms
2026-07-12 16:06:47,164 [INFO] [worker] Execution tache chatcmpl-6a7735fd3a2743838e4f1f0b sur chat_deepseek_com
2026-07-12 16:06:47,169 [INFO] [execute] page=chat_deepseek_com task=chatcmpl-6a7735fd3a2743838e4f1f0b prompt='[ACTIONS REUSSIES - Etape 2/3]\nATTENTION: Ne repet'
2026-07-12 16:06:47,195 [INFO] [execute] Fenetre ID: 23068732
2026-07-12 16:06:47,195 [INFO] [execute] Clic saisie: 401,528
2026-07-12 16:06:47,213 [INFO] [click] Absolu: 403,628
2026-07-12 16:06:47,937 [INFO] [execute] Collage prompt
2026-07-12 16:06:52,944 [WARNING] [subprocess] timeout: ['xclip', '-selection', 'c', '-i', '/tmp/tmpiwt2wpaa.txt']
2026-07-12 16:06:53,046 [INFO] [type] Collage: [ACTIONS REUSSIES - Etape 2/3]
ATTENTION: Ne repet...
2026-07-12 16:06:53,231 [INFO] [type] Collage OK
2026-07-12 16:06:53,532 [INFO] [execute] Clic send: 1127,590
2026-07-12 16:06:53,533 [INFO] [click] Absolu: 1129,690
2026-07-12 16:06:56,747 [INFO] [execute] Tentative copy 1/12...
2026-07-12 16:06:56,747 [INFO] [click] Absolu: 403,546
2026-07-12 16:07:00,305 [INFO] [execute] Tentative copy 2/12...
2026-07-12 16:07:00,305 [INFO] [click] Absolu: 403,546
2026-07-12 16:07:03,864 [INFO] [execute] Tentative copy 3/12...
2026-07-12 16:07:03,865 [INFO] [click] Absolu: 403,546
2026-07-12 16:07:04,945 [INFO] [execute] Reponse (xdotool) apres 17776ms
2026-07-12 16:07:05,726 [INFO] [worker] Execution tache chatcmpl-00a169d921fe4359a6d9aae2 sur chat_deepseek_com
2026-07-12 16:07:05,728 [INFO] [execute] page=chat_deepseek_com task=chatcmpl-00a169d921fe4359a6d9aae2 prompt='[CONTEXTE FEEDBACK - Tentative 3/3]\nPrompt origina'
2026-07-12 16:07:05,751 [INFO] [execute] Fenetre ID: 23068732
2026-07-12 16:07:05,751 [INFO] [execute] Clic saisie: 401,528
2026-07-12 16:07:05,751 [INFO] [click] Absolu: 403,628
2026-07-12 16:07:06,481 [INFO] [execute] Collage prompt
2026-07-12 16:07:11,490 [WARNING] [subprocess] timeout: ['xclip', '-selection', 'c', '-i', '/tmp/tmp8ojoa9pa.txt']
2026-07-12 16:07:11,591 [INFO] [type] Collage: [CONTEXTE FEEDBACK - Tentative 3/3]
Prompt origina...
2026-07-12 16:07:11,782 [INFO] [type] Collage OK
2026-07-12 16:07:12,084 [INFO] [execute] Clic send: 1127,590
2026-07-12 16:07:12,084 [INFO] [click] Absolu: 1129,690
2026-07-12 16:07:15,297 [INFO] [execute] Tentative copy 1/12...
2026-07-12 16:07:15,297 [INFO] [click] Absolu: 403,546
2026-07-12 16:07:18,871 [INFO] [execute] Tentative copy 2/12...
2026-07-12 16:07:18,882 [INFO] [click] Absolu: 403,546
2026-07-12 16:07:22,438 [INFO] [execute] Tentative copy 3/12...
2026-07-12 16:07:22,439 [INFO] [click] Absolu: 403,546
2026-07-12 16:07:23,525 [INFO] [execute] Reponse (xdotool) apres 17797ms
2026-07-12 16:07:25,024 [INFO] [worker] Execution tache chatcmpl-12c659fdf7594c89bce95a4f sur chat_deepseek_com
2026-07-12 16:07:25,027 [INFO] [execute] page=chat_deepseek_com task=chatcmpl-12c659fdf7594c89bce95a4f prompt='[CONTEXTE FEEDBACK - Tentative 4/3]\nPrompt origina'
2026-07-12 16:07:25,055 [INFO] [execute] Fenetre ID: 23068732
2026-07-12 16:07:25,055 [INFO] [execute] Clic saisie: 401,528
2026-07-12 16:07:25,055 [INFO] [click] Absolu: 403,628
2026-07-12 16:07:25,776 [INFO] [execute] Collage prompt
2026-07-12 16:07:30,783 [WARNING] [subprocess] timeout: ['xclip', '-selection', 'c', '-i', '/tmp/tmp61cycyu4.txt']
2026-07-12 16:07:30,885 [INFO] [type] Collage: [CONTEXTE FEEDBACK - Tentative 4/3]
Prompt origina...
2026-07-12 16:07:31,077 [INFO] [type] Collage OK
2026-07-12 16:07:31,378 [INFO] [execute] Clic send: 1127,590
2026-07-12 16:07:31,379 [INFO] [click] Absolu: 1129,690
2026-07-12 16:07:34,595 [INFO] [execute] Tentative copy 1/12...
2026-07-12 16:07:34,595 [INFO] [click] Absolu: 403,546
2026-07-12 16:07:38,148 [INFO] [execute] Tentative copy 2/12...
2026-07-12 16:07:38,149 [INFO] [click] Absolu: 403,546
2026-07-12 16:07:39,227 [INFO] [execute] Reponse (xdotool) apres 14200ms
2026-07-12 16:13:43,937 [INFO] [worker] Execution tache chatcmpl-230b983aac014ed6b5ce0d56 sur chat_deepseek_com
2026-07-12 16:13:43,938 [INFO] [execute] page=chat_deepseek_com task=chatcmpl-230b983aac014ed6b5ce0d56 prompt='reesaie'
2026-07-12 16:13:43,946 [INFO] [execute] Fenetre ID: 23068732
2026-07-12 16:13:43,947 [INFO] [execute] Clic saisie: 401,528
2026-07-12 16:13:43,955 [INFO] [click] Absolu: 403,628
2026-07-12 16:13:44,682 [INFO] [execute] Collage prompt
2026-07-12 16:13:49,698 [WARNING] [subprocess] timeout: ['xclip', '-selection', 'c', '-i', '/tmp/tmp6lujvx7l.txt']
2026-07-12 16:13:49,799 [INFO] [type] Collage: reesaie...
2026-07-12 16:13:49,988 [INFO] [type] Collage OK
2026-07-12 16:13:50,290 [INFO] [execute] Clic send: 1127,590
2026-07-12 16:13:50,290 [INFO] [click] Absolu: 1129,690
2026-07-12 16:13:53,511 [INFO] [execute] Tentative copy 1/12...
2026-07-12 16:13:53,512 [INFO] [click] Absolu: 403,546
2026-07-12 16:13:57,073 [INFO] [execute] Tentative copy 2/12...
2026-07-12 16:13:57,073 [INFO] [click] Absolu: 403,546
2026-07-12 16:14:00,631 [INFO] [execute] Tentative copy 3/12...
2026-07-12 16:14:00,631 [INFO] [click] Absolu: 403,546
2026-07-12 16:14:01,721 [INFO] [execute] Reponse (xdotool) apres 17784ms
2026-07-12 16:14:03,152 [INFO] [worker] Execution tache chatcmpl-8dce987117104c918b573760 sur chat_deepseek_com
2026-07-12 16:14:03,157 [INFO] [execute] page=chat_deepseek_com task=chatcmpl-8dce987117104c918b573760 prompt='[CONTEXTE FEEDBACK - Tentative 1/3]\nPrompt origina'
2026-07-12 16:14:03,187 [INFO] [execute] Fenetre ID: 23068732
2026-07-12 16:14:03,188 [INFO] [execute] Clic saisie: 401,528
2026-07-12 16:14:03,190 [INFO] [click] Absolu: 403,628
2026-07-12 16:14:03,912 [INFO] [execute] Collage prompt
2026-07-12 16:14:08,922 [WARNING] [subprocess] timeout: ['xclip', '-selection', 'c', '-i', '/tmp/tmp9rpy5jhw.txt']
2026-07-12 16:14:09,024 [INFO] [type] Collage: [CONTEXTE FEEDBACK - Tentative 1/3]
Prompt origina...
2026-07-12 16:14:09,213 [INFO] [type] Collage OK
2026-07-12 16:14:09,515 [INFO] [execute] Clic send: 1127,590
2026-07-12 16:14:09,515 [INFO] [click] Absolu: 1129,690
2026-07-12 16:14:12,735 [INFO] [execute] Tentative copy 1/12...
2026-07-12 16:14:12,735 [INFO] [click] Absolu: 403,546
2026-07-12 16:14:16,300 [INFO] [execute] Tentative copy 2/12...
2026-07-12 16:14:16,321 [INFO] [click] Absolu: 403,546
2026-07-12 16:14:17,423 [INFO] [execute] Reponse (xdotool) apres 14266ms
2026-07-12 16:14:18,383 [INFO] [worker] Execution tache chatcmpl-339d3b004dff483e8901c665 sur chat_deepseek_com
2026-07-12 16:14:18,386 [INFO] [execute] page=chat_deepseek_com task=chatcmpl-339d3b004dff483e8901c665 prompt='[CONTEXTE FEEDBACK - Tentative 2/3]\nPrompt origina'
2026-07-12 16:14:18,414 [INFO] [execute] Fenetre ID: 23068732
2026-07-12 16:14:18,415 [INFO] [execute] Clic saisie: 401,528
2026-07-12 16:14:18,415 [INFO] [click] Absolu: 403,628
2026-07-12 16:14:19,137 [INFO] [execute] Collage prompt
2026-07-12 16:14:24,147 [WARNING] [subprocess] timeout: ['xclip', '-selection', 'c', '-i', '/tmp/tmpmioz7rk9.txt']
2026-07-12 16:14:24,248 [INFO] [type] Collage: [CONTEXTE FEEDBACK - Tentative 2/3]
Prompt origina...
2026-07-12 16:14:24,438 [INFO] [type] Collage OK
2026-07-12 16:14:24,739 [INFO] [execute] Clic send: 1127,590
2026-07-12 16:14:24,740 [INFO] [click] Absolu: 1129,690
2026-07-12 16:14:27,971 [INFO] [execute] Tentative copy 1/12...
2026-07-12 16:14:27,972 [INFO] [click] Absolu: 403,546
2026-07-12 16:14:29,046 [INFO] [execute] Reponse (xdotool) apres 10660ms
2026-07-12 16:14:29,743 [INFO] [worker] Execution tache chatcmpl-dd4b4c3cf8aa4c8f8d1b4722 sur chat_deepseek_com
2026-07-12 16:14:29,746 [INFO] [execute] page=chat_deepseek_com task=chatcmpl-dd4b4c3cf8aa4c8f8d1b4722 prompt='[CONTEXTE FEEDBACK - Tentative 3/3]\nPrompt origina'
2026-07-12 16:14:29,773 [INFO] [execute] Fenetre ID: 23068732
2026-07-12 16:14:29,774 [INFO] [execute] Clic saisie: 401,528
2026-07-12 16:14:29,774 [INFO] [click] Absolu: 403,628
2026-07-12 16:14:30,495 [INFO] [execute] Collage prompt
2026-07-12 16:14:35,504 [WARNING] [subprocess] timeout: ['xclip', '-selection', 'c', '-i', '/tmp/tmp2iw6w7n2.txt']
2026-07-12 16:14:35,606 [INFO] [type] Collage: [CONTEXTE FEEDBACK - Tentative 3/3]
Prompt origina...
2026-07-12 16:14:35,795 [INFO] [type] Collage OK
2026-07-12 16:14:36,096 [INFO] [execute] Clic send: 1127,590
2026-07-12 16:14:36,096 [INFO] [click] Absolu: 1129,690
2026-07-12 16:14:39,311 [INFO] [execute] Tentative copy 1/12...
2026-07-12 16:14:39,312 [INFO] [click] Absolu: 403,546
2026-07-12 16:14:40,398 [INFO] [execute] Reponse (xdotool) apres 10652ms
2026-07-12 16:15:02,566 [INFO] [worker] Execution tache chatcmpl-294335ad5db54f87aa2491ff sur chat_deepseek_com
2026-07-12 16:15:02,569 [INFO] [execute] page=chat_deepseek_com task=chatcmpl-294335ad5db54f87aa2491ff prompt='tu as tout lu? oui ou non'
2026-07-12 16:15:02,602 [INFO] [execute] Fenetre ID: 23068732
2026-07-12 16:15:02,603 [INFO] [execute] Clic saisie: 401,528
2026-07-12 16:15:02,638 [INFO] [click] Absolu: 403,628
2026-07-12 16:15:03,366 [INFO] [execute] Collage prompt
2026-07-12 16:15:08,374 [WARNING] [subprocess] timeout: ['xclip', '-selection', 'c', '-i', '/tmp/tmprx5zng5j.txt']
2026-07-12 16:15:08,475 [INFO] [type] Collage: tu as tout lu? oui ou non...
2026-07-12 16:15:08,664 [INFO] [type] Collage OK
2026-07-12 16:15:08,966 [INFO] [execute] Clic send: 1127,590
2026-07-12 16:15:08,967 [INFO] [click] Absolu: 1129,690
2026-07-12 16:15:12,187 [INFO] [execute] Tentative copy 1/12...
2026-07-12 16:15:12,188 [INFO] [click] Absolu: 403,546
2026-07-12 16:15:15,749 [INFO] [execute] Tentative copy 2/12...
2026-07-12 16:15:15,750 [INFO] [click] Absolu: 403,546
2026-07-12 16:15:16,834 [INFO] [execute] Reponse (xdotool) apres 14265ms
2026-07-12 16:15:17,520 [INFO] [worker] Execution tache chatcmpl-877cffab555b4e949425c26f sur chat_deepseek_com
2026-07-12 16:15:17,525 [INFO] [execute] page=chat_deepseek_com task=chatcmpl-877cffab555b4e949425c26f prompt='[ACTIONS REUSSIES - Etape 1/3]\nATTENTION: Ne repet'
2026-07-12 16:15:17,552 [INFO] [execute] Fenetre ID: 23068732
2026-07-12 16:15:17,553 [INFO] [execute] Clic saisie: 401,528
2026-07-12 16:15:17,553 [INFO] [click] Absolu: 403,628
2026-07-12 16:15:18,276 [INFO] [execute] Collage prompt
2026-07-12 16:15:23,284 [WARNING] [subprocess] timeout: ['xclip', '-selection', 'c', '-i', '/tmp/tmpqmw5dn7y.txt']
2026-07-12 16:15:23,386 [INFO] [type] Collage: [ACTIONS REUSSIES - Etape 1/3]
ATTENTION: Ne repet...
2026-07-12 16:15:23,594 [INFO] [type] Collage OK
2026-07-12 16:15:23,895 [INFO] [execute] Clic send: 1127,590
2026-07-12 16:15:23,896 [INFO] [click] Absolu: 1129,690
2026-07-12 16:15:27,116 [INFO] [execute] Tentative copy 1/12...
2026-07-12 16:15:27,117 [INFO] [click] Absolu: 403,546
2026-07-12 16:15:28,196 [INFO] [execute] Reponse (xdotool) apres 10671ms
2026-07-12 16:15:28,914 [INFO] [worker] Execution tache chatcmpl-063323938536480dbe69de18 sur chat_deepseek_com
2026-07-12 16:15:28,917 [INFO] [execute] page=chat_deepseek_com task=chatcmpl-063323938536480dbe69de18 prompt='[ACTIONS REUSSIES - Etape 2/3]\nATTENTION: Ne repet'
2026-07-12 16:15:28,944 [INFO] [execute] Fenetre ID: 23068732
2026-07-12 16:15:28,946 [INFO] [execute] Clic saisie: 401,528
2026-07-12 16:15:28,946 [INFO] [click] Absolu: 403,628
2026-07-12 16:15:29,673 [INFO] [execute] Collage prompt
2026-07-12 16:15:34,676 [WARNING] [subprocess] timeout: ['xclip', '-selection', 'c', '-i', '/tmp/tmpe24w9rws.txt']
2026-07-12 16:15:34,778 [INFO] [type] Collage: [ACTIONS REUSSIES - Etape 2/3]
ATTENTION: Ne repet...
2026-07-12 16:15:34,968 [INFO] [type] Collage OK
2026-07-12 16:15:35,270 [INFO] [execute] Clic send: 1127,590
2026-07-12 16:15:35,281 [INFO] [click] Absolu: 1129,690
2026-07-12 16:15:38,498 [INFO] [execute] Tentative copy 1/12...
2026-07-12 16:15:38,499 [INFO] [click] Absolu: 403,546
2026-07-12 16:15:42,063 [INFO] [execute] Tentative copy 2/12...
2026-07-12 16:15:42,063 [INFO] [click] Absolu: 403,546
2026-07-12 16:15:43,157 [INFO] [execute] Reponse (xdotool) apres 14241ms
2026-07-12 16:17:07,919 [INFO] [worker] Execution tache chatcmpl-973f6deecb4246d7999b7d9d sur chat_deepseek_com
2026-07-12 16:17:07,921 [INFO] [execute] page=chat_deepseek_com task=chatcmpl-973f6deecb4246d7999b7d9d prompt='creer un fichier txt ou tu presente de la et expli'
2026-07-12 16:17:07,943 [INFO] [execute] Fenetre ID: 23068732
2026-07-12 16:17:07,943 [INFO] [execute] Clic saisie: 401,528
2026-07-12 16:17:07,962 [INFO] [click] Absolu: 403,628
2026-07-12 16:17:08,687 [INFO] [execute] Collage prompt
2026-07-12 16:17:13,694 [WARNING] [subprocess] timeout: ['xclip', '-selection', 'c', '-i', '/tmp/tmpbbd_y6ue.txt']
2026-07-12 16:17:13,795 [INFO] [type] Collage: creer un fichier txt ou tu presente de la et expli...
2026-07-12 16:17:13,993 [INFO] [type] Collage OK
2026-07-12 16:17:14,294 [INFO] [execute] Clic send: 1127,590
2026-07-12 16:17:14,295 [INFO] [click] Absolu: 1129,690
2026-07-12 16:17:17,507 [INFO] [execute] Tentative copy 1/12...
2026-07-12 16:17:17,507 [INFO] [click] Absolu: 403,546
2026-07-12 16:17:21,076 [INFO] [execute] Tentative copy 2/12...
2026-07-12 16:17:21,076 [INFO] [click] Absolu: 403,546
2026-07-12 16:17:22,171 [INFO] [execute] Reponse (xdotool) apres 14250ms
2026-07-12 16:17:23,003 [INFO] [worker] Execution tache chatcmpl-80612432f7104f2fb57b3562 sur chat_deepseek_com
2026-07-12 16:17:23,006 [INFO] [execute] page=chat_deepseek_com task=chatcmpl-80612432f7104f2fb57b3562 prompt='[ACTIONS REUSSIES - Etape 1/3]\nATTENTION: Ne repet'
2026-07-12 16:17:23,035 [INFO] [execute] Fenetre ID: 23068732
2026-07-12 16:17:23,035 [INFO] [execute] Clic saisie: 401,528
2026-07-12 16:17:23,036 [INFO] [click] Absolu: 403,628
2026-07-12 16:17:23,760 [INFO] [execute] Collage prompt
2026-07-12 16:17:28,765 [WARNING] [subprocess] timeout: ['xclip', '-selection', 'c', '-i', '/tmp/tmpbe52vx65.txt']
2026-07-12 16:17:28,866 [INFO] [type] Collage: [ACTIONS REUSSIES - Etape 1/3]
ATTENTION: Ne repet...
2026-07-12 16:17:29,053 [INFO] [type] Collage OK
2026-07-12 16:17:29,354 [INFO] [execute] Clic send: 1127,590
2026-07-12 16:17:29,355 [INFO] [click] Absolu: 1129,690
2026-07-12 16:17:32,570 [INFO] [execute] Tentative copy 1/12...
2026-07-12 16:17:32,570 [INFO] [click] Absolu: 403,546
2026-07-12 16:17:36,134 [INFO] [execute] Tentative copy 2/12...
2026-07-12 16:17:36,135 [INFO] [click] Absolu: 403,546
2026-07-12 16:17:39,694 [INFO] [execute] Tentative copy 3/12...
2026-07-12 16:17:39,716 [INFO] [click] Absolu: 403,546
2026-07-12 16:17:43,281 [INFO] [execute] Tentative copy 4/12...
2026-07-12 16:17:43,281 [INFO] [click] Absolu: 403,546
2026-07-12 16:17:46,837 [INFO] [execute] Tentative copy 5/12...
2026-07-12 16:17:46,838 [INFO] [click] Absolu: 403,546
2026-07-12 16:17:47,927 [INFO] [execute] Reponse (xdotool) apres 24921ms
2026-07-12 16:17:48,740 [INFO] [worker] Execution tache chatcmpl-229b0ebb13554a14a082a72e sur chat_deepseek_com
2026-07-12 16:17:48,742 [INFO] [execute] page=chat_deepseek_com task=chatcmpl-229b0ebb13554a14a082a72e prompt='[ACTIONS REUSSIES - Etape 2/3]\nATTENTION: Ne repet'
2026-07-12 16:17:48,769 [INFO] [execute] Fenetre ID: 23068732
2026-07-12 16:17:48,769 [INFO] [execute] Clic saisie: 401,528
2026-07-12 16:17:48,770 [INFO] [click] Absolu: 403,628
2026-07-12 16:17:49,502 [INFO] [execute] Collage prompt
2026-07-12 16:17:54,509 [WARNING] [subprocess] timeout: ['xclip', '-selection', 'c', '-i', '/tmp/tmpzm2_zg_r.txt']
2026-07-12 16:17:54,610 [INFO] [type] Collage: [ACTIONS REUSSIES - Etape 2/3]
ATTENTION: Ne repet...
2026-07-12 16:17:54,789 [INFO] [type] Collage OK
2026-07-12 16:17:55,090 [INFO] [execute] Clic send: 1127,590
2026-07-12 16:17:55,090 [INFO] [click] Absolu: 1129,690
2026-07-12 16:17:58,307 [INFO] [execute] Tentative copy 1/12...
2026-07-12 16:17:58,308 [INFO] [click] Absolu: 403,546
2026-07-12 16:17:59,381 [INFO] [execute] Reponse (xdotool) apres 10639ms
2026-07-12 16:21:24,117 [INFO] [worker] Execution tache chatcmpl-2a2f74d196d345788492a1b2 sur chat_deepseek_com
2026-07-12 16:21:24,121 [INFO] [execute] page=chat_deepseek_com task=chatcmpl-2a2f74d196d345788492a1b2 prompt='clone moi ce depot https://github.com/KevRojo/Dulu'
2026-07-12 16:21:24,149 [INFO] [execute] Fenetre ID: 23068732
2026-07-12 16:21:24,150 [INFO] [execute] Clic saisie: 401,528
2026-07-12 16:21:24,175 [INFO] [click] Absolu: 403,628
2026-07-12 16:21:24,890 [INFO] [execute] Collage prompt
2026-07-12 16:21:29,895 [WARNING] [subprocess] timeout: ['xclip', '-selection', 'c', '-i', '/tmp/tmpz784lwfa.txt']
2026-07-12 16:21:29,997 [INFO] [type] Collage: clone moi ce depot https://github.com/KevRojo/Dulu...
2026-07-12 16:21:30,193 [INFO] [type] Collage OK
2026-07-12 16:21:30,494 [INFO] [execute] Clic send: 1127,590
2026-07-12 16:21:30,495 [INFO] [click] Absolu: 1129,690
2026-07-12 16:21:33,720 [INFO] [execute] Tentative copy 1/12...
2026-07-12 16:21:33,721 [INFO] [click] Absolu: 403,546
2026-07-12 16:21:34,792 [INFO] [execute] Reponse (xdotool) apres 10671ms
2026-07-12 16:21:44,937 [INFO] [worker] Execution tache chatcmpl-6a5603c55c4a47deac8683ed sur chat_deepseek_com
2026-07-12 16:21:44,940 [INFO] [execute] page=chat_deepseek_com task=chatcmpl-6a5603c55c4a47deac8683ed prompt='lone moi ce depot https://github.com/KevRojo/Dulus'
2026-07-12 16:21:44,975 [INFO] [execute] Fenetre ID: 23068732
2026-07-12 16:21:44,975 [INFO] [execute] Clic saisie: 401,528
2026-07-12 16:21:44,978 [INFO] [click] Absolu: 403,628
2026-07-12 16:21:45,723 [INFO] [execute] Collage prompt
2026-07-12 16:21:50,733 [WARNING] [subprocess] timeout: ['xclip', '-selection', 'c', '-i', '/tmp/tmpv1qgu1jw.txt']
2026-07-12 16:21:50,834 [INFO] [type] Collage: lone moi ce depot https://github.com/KevRojo/Dulus...
2026-07-12 16:21:51,027 [INFO] [type] Collage OK
2026-07-12 16:21:51,329 [INFO] [execute] Clic send: 1127,590
2026-07-12 16:21:51,329 [INFO] [click] Absolu: 1129,690
2026-07-12 16:21:54,556 [INFO] [execute] Tentative copy 1/12...
2026-07-12 16:21:54,568 [INFO] [click] Absolu: 403,546
2026-07-12 16:21:58,124 [INFO] [execute] Tentative copy 2/12...
2026-07-12 16:21:58,125 [INFO] [click] Absolu: 403,546
2026-07-12 16:21:59,216 [INFO] [execute] Reponse (xdotool) apres 14276ms
2026-07-12 16:22:29,928 [INFO] [worker] Execution tache chatcmpl-c6d737970d7a4c19a916f364 sur chat_deepseek_com
2026-07-12 16:22:29,934 [INFO] [execute] page=chat_deepseek_com task=chatcmpl-c6d737970d7a4c19a916f364 prompt='[CONTEXTE FEEDBACK - Tentative 1/3]\nPrompt origina'
2026-07-12 16:22:29,963 [INFO] [execute] Fenetre ID: 23068732
2026-07-12 16:22:29,963 [INFO] [execute] Clic saisie: 401,528
2026-07-12 16:22:29,986 [INFO] [click] Absolu: 403,628
2026-07-12 16:22:30,714 [INFO] [execute] Collage prompt
2026-07-12 16:22:35,722 [WARNING] [subprocess] timeout: ['xclip', '-selection', 'c', '-i', '/tmp/tmp34qss2fb.txt']
2026-07-12 16:22:35,823 [INFO] [type] Collage: [CONTEXTE FEEDBACK - Tentative 1/3]
Prompt origina...
2026-07-12 16:22:36,020 [INFO] [type] Collage OK
2026-07-12 16:22:36,321 [INFO] [execute] Clic send: 1127,590
2026-07-12 16:22:36,322 [INFO] [click] Absolu: 1129,690
2026-07-12 16:22:39,540 [INFO] [execute] Tentative copy 1/12...
2026-07-12 16:22:39,541 [INFO] [click] Absolu: 403,546
2026-07-12 16:22:43,112 [INFO] [execute] Tentative copy 2/12...
2026-07-12 16:22:43,113 [INFO] [click] Absolu: 403,546
2026-07-12 16:22:44,202 [INFO] [execute] Reponse (xdotool) apres 14268ms
2026-07-12 16:22:44,922 [INFO] [worker] Execution tache chatcmpl-95524bf22dcc444089c22b95 sur chat_deepseek_com
2026-07-12 16:22:44,935 [INFO] [execute] page=chat_deepseek_com task=chatcmpl-95524bf22dcc444089c22b95 prompt='[CONTEXTE FEEDBACK - Tentative 2/3]\nPrompt origina'
2026-07-12 16:22:44,962 [INFO] [execute] Fenetre ID: 23068732
2026-07-12 16:22:44,964 [INFO] [execute] Clic saisie: 401,528
2026-07-12 16:22:44,964 [INFO] [click] Absolu: 403,628
2026-07-12 16:22:45,687 [INFO] [execute] Collage prompt
2026-07-12 16:22:50,695 [WARNING] [subprocess] timeout: ['xclip', '-selection', 'c', '-i', '/tmp/tmpdl2cpyud.txt']
2026-07-12 16:22:50,796 [INFO] [type] Collage: [CONTEXTE FEEDBACK - Tentative 2/3]
Prompt origina...
2026-07-12 16:22:50,989 [INFO] [type] Collage OK
2026-07-12 16:22:51,291 [INFO] [execute] Clic send: 1127,590
2026-07-12 16:22:51,291 [INFO] [click] Absolu: 1129,690
2026-07-12 16:22:54,507 [INFO] [execute] Tentative copy 1/12...
2026-07-12 16:22:54,507 [INFO] [click] Absolu: 403,546
2026-07-12 16:22:58,074 [INFO] [execute] Tentative copy 2/12...
2026-07-12 16:22:58,075 [INFO] [click] Absolu: 403,546
2026-07-12 16:22:59,172 [INFO] [execute] Reponse (xdotool) apres 14237ms
2026-07-12 16:24:39,984 [INFO] [worker] Execution tache chatcmpl-50a87aa7ccaf43d39d0e3a0b sur chat_deepseek_com
2026-07-12 16:24:39,987 [INFO] [execute] page=chat_deepseek_com task=chatcmpl-50a87aa7ccaf43d39d0e3a0b prompt="qui m'interresse le rest epeut etre effacertu as f"
2026-07-12 16:24:40,015 [INFO] [execute] Fenetre ID: 23068732
2026-07-12 16:24:40,016 [INFO] [execute] Clic saisie: 401,528
2026-07-12 16:24:40,042 [INFO] [click] Absolu: 403,628
2026-07-12 16:24:40,767 [INFO] [execute] Collage prompt
2026-07-12 16:24:45,776 [WARNING] [subprocess] timeout: ['xclip', '-selection', 'c', '-i', '/tmp/tmpgvlg92ul.txt']
2026-07-12 16:24:45,877 [INFO] [type] Collage: qui m'interresse le rest epeut etre effacertu as f...
2026-07-12 16:24:46,064 [INFO] [type] Collage OK
2026-07-12 16:24:46,366 [INFO] [execute] Clic send: 1127,590
2026-07-12 16:24:46,367 [INFO] [click] Absolu: 1129,690
2026-07-12 16:24:49,589 [INFO] [execute] Tentative copy 1/12...
2026-07-12 16:24:49,590 [INFO] [click] Absolu: 403,546
2026-07-12 16:24:53,150 [INFO] [execute] Tentative copy 2/12...
2026-07-12 16:24:53,150 [INFO] [click] Absolu: 403,546
2026-07-12 16:24:54,239 [INFO] [execute] Reponse (xdotool) apres 14252ms
2026-07-12 16:24:54,940 [INFO] [worker] Execution tache chatcmpl-399ded4da6d74bfa96be3494 sur chat_deepseek_com
2026-07-12 16:24:54,944 [INFO] [execute] page=chat_deepseek_com task=chatcmpl-399ded4da6d74bfa96be3494 prompt='[ACTIONS REUSSIES - Etape 1/3]\nATTENTION: Ne repet'
2026-07-12 16:24:54,972 [INFO] [execute] Fenetre ID: 23068732
2026-07-12 16:24:54,973 [INFO] [execute] Clic saisie: 401,528
2026-07-12 16:24:54,973 [INFO] [click] Absolu: 403,628
2026-07-12 16:24:55,698 [INFO] [execute] Collage prompt
2026-07-12 16:25:00,706 [WARNING] [subprocess] timeout: ['xclip', '-selection', 'c', '-i', '/tmp/tmp7i5_yxh0.txt']
2026-07-12 16:25:00,807 [INFO] [type] Collage: [ACTIONS REUSSIES - Etape 1/3]
ATTENTION: Ne repet...
2026-07-12 16:25:01,005 [INFO] [type] Collage OK
2026-07-12 16:25:01,306 [INFO] [execute] Clic send: 1127,590
2026-07-12 16:25:01,306 [INFO] [click] Absolu: 1129,690
2026-07-12 16:25:04,520 [INFO] [execute] Tentative copy 1/12...
2026-07-12 16:25:04,520 [INFO] [click] Absolu: 403,546
2026-07-12 16:25:05,603 [INFO] [execute] Reponse (xdotool) apres 10659ms
2026-07-12 16:25:37,763 [INFO] [worker] Execution tache chatcmpl-7da646dd3cf1469eae5e2469 sur chat_deepseek_com
2026-07-12 16:25:37,766 [INFO] [execute] page=chat_deepseek_com task=chatcmpl-7da646dd3cf1469eae5e2469 prompt='cherche le dossier que je veux'
2026-07-12 16:25:37,810 [INFO] [execute] Fenetre ID: 23068732
2026-07-12 16:25:37,811 [INFO] [execute] Clic saisie: 401,528
2026-07-12 16:25:37,819 [INFO] [click] Absolu: 403,628
2026-07-12 16:25:38,536 [INFO] [execute] Collage prompt
2026-07-12 16:25:43,549 [WARNING] [subprocess] timeout: ['xclip', '-selection', 'c', '-i', '/tmp/tmphbkgs_ya.txt']
2026-07-12 16:25:43,654 [INFO] [type] Collage: cherche le dossier que je veux...
2026-07-12 16:25:43,845 [INFO] [type] Collage OK
2026-07-12 16:25:44,146 [INFO] [execute] Clic send: 1127,590
2026-07-12 16:25:44,146 [INFO] [click] Absolu: 1129,690
2026-07-12 16:25:47,367 [INFO] [execute] Tentative copy 1/12...
2026-07-12 16:25:47,367 [INFO] [click] Absolu: 403,546
2026-07-12 16:25:48,432 [INFO] [execute] Reponse (xdotool) apres 10666ms
2026-07-12 16:25:50,019 [INFO] [worker] Execution tache chatcmpl-10d30371fbcc47c48cd7f353 sur chat_deepseek_com
2026-07-12 16:25:50,022 [INFO] [execute] page=chat_deepseek_com task=chatcmpl-10d30371fbcc47c48cd7f353 prompt='[ACTIONS REUSSIES - Etape 1/3]\nATTENTION: Ne repet'
2026-07-12 16:25:50,048 [INFO] [execute] Fenetre ID: 23068732
2026-07-12 16:25:50,049 [INFO] [execute] Clic saisie: 401,528
2026-07-12 16:25:50,051 [INFO] [click] Absolu: 403,628
2026-07-12 16:25:50,773 [INFO] [execute] Collage prompt
2026-07-12 16:25:55,781 [WARNING] [subprocess] timeout: ['xclip', '-selection', 'c', '-i', '/tmp/tmpk4g7j_5e.txt']
2026-07-12 16:25:55,883 [INFO] [type] Collage: [ACTIONS REUSSIES - Etape 1/3]
ATTENTION: Ne repet...
2026-07-12 16:25:56,072 [INFO] [type] Collage OK
2026-07-12 16:25:56,373 [INFO] [execute] Clic send: 1127,590
2026-07-12 16:25:56,374 [INFO] [click] Absolu: 1129,690
2026-07-12 16:25:59,589 [INFO] [execute] Tentative copy 1/12...
2026-07-12 16:25:59,589 [INFO] [click] Absolu: 403,546
2026-07-12 16:26:03,154 [INFO] [execute] Tentative copy 2/12...
2026-07-12 16:26:03,154 [INFO] [click] Absolu: 403,546
2026-07-12 16:26:04,252 [INFO] [execute] Reponse (xdotool) apres 14230ms
2026-07-12 16:26:04,961 [INFO] [worker] Execution tache chatcmpl-dbea8069997840099a88ff46 sur chat_deepseek_com
2026-07-12 16:26:04,964 [INFO] [execute] page=chat_deepseek_com task=chatcmpl-dbea8069997840099a88ff46 prompt='[ACTIONS REUSSIES - Etape 2/3]\nATTENTION: Ne repet'
2026-07-12 16:26:04,994 [INFO] [execute] Fenetre ID: 23068732
2026-07-12 16:26:04,995 [INFO] [execute] Clic saisie: 401,528
2026-07-12 16:26:04,995 [INFO] [click] Absolu: 403,628
2026-07-12 16:26:05,716 [INFO] [execute] Collage prompt
2026-07-12 16:26:10,723 [WARNING] [subprocess] timeout: ['xclip', '-selection', 'c', '-i', '/tmp/tmpgvlh6_hv.txt']
2026-07-12 16:26:10,826 [INFO] [type] Collage: [ACTIONS REUSSIES - Etape 2/3]
ATTENTION: Ne repet...
2026-07-12 16:26:11,014 [INFO] [type] Collage OK
2026-07-12 16:26:11,316 [INFO] [execute] Clic send: 1127,590
2026-07-12 16:26:11,327 [INFO] [click] Absolu: 1129,690
2026-07-12 16:26:14,543 [INFO] [execute] Tentative copy 1/12...
2026-07-12 16:26:14,544 [INFO] [click] Absolu: 403,546
2026-07-12 16:26:18,101 [INFO] [execute] Tentative copy 2/12...
2026-07-12 16:26:18,102 [INFO] [click] Absolu: 403,546
2026-07-12 16:26:19,177 [INFO] [execute] Reponse (xdotool) apres 14213ms
2026-07-12 16:27:15,510 [INFO] [worker] Execution tache chatcmpl-c8035ba6f9fe46efa7f12bf4 sur chat_deepseek_com
2026-07-12 16:27:15,512 [INFO] [execute] page=chat_deepseek_com task=chatcmpl-c8035ba6f9fe46efa7f12bf4 prompt='colange reussit'
2026-07-12 16:27:15,527 [INFO] [execute] Fenetre ID: 23068732
2026-07-12 16:27:15,528 [INFO] [execute] Clic saisie: 401,528
2026-07-12 16:27:15,547 [INFO] [click] Absolu: 403,628
2026-07-12 16:27:16,274 [INFO] [execute] Collage prompt
2026-07-12 16:27:21,278 [WARNING] [subprocess] timeout: ['xclip', '-selection', 'c', '-i', '/tmp/tmpwf6x4lnt.txt']
2026-07-12 16:27:21,379 [INFO] [type] Collage: colange reussit...
2026-07-12 16:27:21,573 [INFO] [type] Collage OK
2026-07-12 16:27:21,875 [INFO] [execute] Clic send: 1127,590
2026-07-12 16:27:21,875 [INFO] [click] Absolu: 1129,690
2026-07-12 16:27:25,099 [INFO] [execute] Tentative copy 1/12...
2026-07-12 16:27:25,099 [INFO] [click] Absolu: 403,546
2026-07-12 16:27:28,662 [INFO] [execute] Tentative copy 2/12...
2026-07-12 16:27:28,663 [INFO] [click] Absolu: 403,546
2026-07-12 16:27:29,736 [INFO] [execute] Reponse (xdotool) apres 14225ms
2026-07-12 16:27:30,553 [INFO] [worker] Execution tache chatcmpl-4d985279cacf4bf193e2c4b3 sur chat_deepseek_com
2026-07-12 16:27:30,554 [INFO] [execute] page=chat_deepseek_com task=chatcmpl-4d985279cacf4bf193e2c4b3 prompt='[ACTIONS REUSSIES - Etape 1/3]\nATTENTION: Ne repet'
2026-07-12 16:27:30,581 [INFO] [execute] Fenetre ID: 23068732
2026-07-12 16:27:30,581 [INFO] [execute] Clic saisie: 401,528
2026-07-12 16:27:30,582 [INFO] [click] Absolu: 403,628
2026-07-12 16:27:31,308 [INFO] [execute] Collage prompt
2026-07-12 16:27:36,312 [WARNING] [subprocess] timeout: ['xclip', '-selection', 'c', '-i', '/tmp/tmpojhz2bk9.txt']
2026-07-12 16:27:36,413 [INFO] [type] Collage: [ACTIONS REUSSIES - Etape 1/3]
ATTENTION: Ne repet...
2026-07-12 16:27:36,601 [INFO] [type] Collage OK
2026-07-12 16:27:36,903 [INFO] [execute] Clic send: 1127,590
2026-07-12 16:27:36,903 [INFO] [click] Absolu: 1129,690
2026-07-12 16:27:40,116 [INFO] [execute] Tentative copy 1/12...
2026-07-12 16:27:40,117 [INFO] [click] Absolu: 403,546
2026-07-12 16:27:41,189 [INFO] [execute] Reponse (xdotool) apres 10635ms
2026-07-12 16:27:42,015 [INFO] [worker] Execution tache chatcmpl-87268be9e98640f3867c6026 sur chat_deepseek_com
2026-07-12 16:27:42,018 [INFO] [execute] page=chat_deepseek_com task=chatcmpl-87268be9e98640f3867c6026 prompt='[ACTIONS REUSSIES - Etape 2/3]\nATTENTION: Ne repet'
2026-07-12 16:27:42,046 [INFO] [execute] Fenetre ID: 23068732
2026-07-12 16:27:42,046 [INFO] [execute] Clic saisie: 401,528
2026-07-12 16:27:42,046 [INFO] [click] Absolu: 403,628
2026-07-12 16:27:42,777 [INFO] [execute] Collage prompt
2026-07-12 16:27:47,781 [WARNING] [subprocess] timeout: ['xclip', '-selection', 'c', '-i', '/tmp/tmpct7gqibi.txt']
2026-07-12 16:27:47,883 [INFO] [type] Collage: [ACTIONS REUSSIES - Etape 2/3]
ATTENTION: Ne repet...
2026-07-12 16:27:48,070 [INFO] [type] Collage OK
2026-07-12 16:27:48,372 [INFO] [execute] Clic send: 1127,590
2026-07-12 16:27:48,383 [INFO] [click] Absolu: 1129,690
2026-07-12 16:27:51,599 [INFO] [execute] Tentative copy 1/12...
2026-07-12 16:27:51,600 [INFO] [click] Absolu: 403,546
2026-07-12 16:27:52,667 [INFO] [execute] Reponse (xdotool) apres 10649ms
2026-07-12 16:34:02,517 [INFO] [worker] Execution tache chatcmpl-98f8f8651ea742ab82197b39 sur chat_deepseek_com
2026-07-12 16:34:02,518 [INFO] [execute] page=chat_deepseek_com task=chatcmpl-98f8f8651ea742ab82197b39 prompt='maintenat lit le fichiers skills'
2026-07-12 16:34:02,526 [INFO] [execute] Fenetre ID: 23068732
2026-07-12 16:34:02,526 [INFO] [execute] Clic saisie: 401,528
2026-07-12 16:34:02,534 [INFO] [click] Absolu: 403,628
2026-07-12 16:34:03,253 [INFO] [execute] Collage prompt
2026-07-12 16:34:08,261 [WARNING] [subprocess] timeout: ['xclip', '-selection', 'c', '-i', '/tmp/tmpjr2a_vnj.txt']
2026-07-12 16:34:08,363 [INFO] [type] Collage: maintenat lit le fichiers skills...
2026-07-12 16:34:08,552 [INFO] [type] Collage OK
2026-07-12 16:34:08,854 [INFO] [execute] Clic send: 1127,590
2026-07-12 16:34:08,855 [INFO] [click] Absolu: 1129,690
2026-07-12 16:34:12,080 [INFO] [execute] Tentative copy 1/12...
2026-07-12 16:34:12,080 [INFO] [click] Absolu: 403,546
2026-07-12 16:34:13,148 [INFO] [execute] Reponse (xdotool) apres 10630ms
2026-07-12 16:34:13,927 [INFO] [worker] Execution tache chatcmpl-346ef2ea5824483fb2fed758 sur chat_deepseek_com
2026-07-12 16:34:13,930 [INFO] [execute] page=chat_deepseek_com task=chatcmpl-346ef2ea5824483fb2fed758 prompt='[ACTIONS REUSSIES - Etape 1/3]\nATTENTION: Ne repet'
2026-07-12 16:34:13,956 [INFO] [execute] Fenetre ID: 23068732
2026-07-12 16:34:13,956 [INFO] [execute] Clic saisie: 401,528
2026-07-12 16:34:13,957 [INFO] [click] Absolu: 403,628
2026-07-12 16:34:14,683 [INFO] [execute] Collage prompt
2026-07-12 16:34:19,694 [WARNING] [subprocess] timeout: ['xclip', '-selection', 'c', '-i', '/tmp/tmp7t3zntrh.txt']
2026-07-12 16:34:19,795 [INFO] [type] Collage: [ACTIONS REUSSIES - Etape 1/3]
ATTENTION: Ne repet...
2026-07-12 16:34:19,986 [INFO] [type] Collage OK
2026-07-12 16:34:20,288 [INFO] [execute] Clic send: 1127,590
2026-07-12 16:34:20,288 [INFO] [click] Absolu: 1129,690
2026-07-12 16:34:23,506 [INFO] [execute] Tentative copy 1/12...
2026-07-12 16:34:23,507 [INFO] [click] Absolu: 403,546
2026-07-12 16:34:27,075 [INFO] [execute] Tentative copy 2/12...
2026-07-12 16:34:27,076 [INFO] [click] Absolu: 403,546
2026-07-12 16:34:28,170 [INFO] [execute] Reponse (xdotool) apres 14240ms
2026-07-12 16:34:29,316 [INFO] [worker] Execution tache chatcmpl-25b72dbd05e1445f8b673298 sur chat_deepseek_com
2026-07-12 16:34:29,321 [INFO] [execute] page=chat_deepseek_com task=chatcmpl-25b72dbd05e1445f8b673298 prompt='[ACTIONS REUSSIES - Etape 2/3]\nATTENTION: Ne repet'
2026-07-12 16:34:29,350 [INFO] [execute] Fenetre ID: 23068732
2026-07-12 16:34:29,351 [INFO] [execute] Clic saisie: 401,528
2026-07-12 16:34:29,351 [INFO] [click] Absolu: 403,628
2026-07-12 16:34:30,074 [INFO] [execute] Collage prompt
2026-07-12 16:34:35,081 [WARNING] [subprocess] timeout: ['xclip', '-selection', 'c', '-i', '/tmp/tmpd932pph1.txt']
2026-07-12 16:34:35,182 [INFO] [type] Collage: [ACTIONS REUSSIES - Etape 2/3]
ATTENTION: Ne repet...
2026-07-12 16:34:35,371 [INFO] [type] Collage OK
2026-07-12 16:34:35,673 [INFO] [execute] Clic send: 1127,590
2026-07-12 16:34:35,684 [INFO] [click] Absolu: 1129,690
2026-07-12 16:34:38,917 [INFO] [execute] Tentative copy 1/12...
2026-07-12 16:34:38,917 [INFO] [click] Absolu: 403,546
2026-07-12 16:34:42,472 [INFO] [execute] Tentative copy 2/12...
2026-07-12 16:34:42,473 [INFO] [click] Absolu: 403,546
2026-07-12 16:34:43,570 [INFO] [execute] Reponse (xdotool) apres 14249ms
2026-07-12 16:34:44,360 [INFO] [worker] Execution tache chatcmpl-52c45f0b271c42778cd4b404 sur chat_deepseek_com
2026-07-12 16:34:44,361 [INFO] [execute] page=chat_deepseek_com task=chatcmpl-52c45f0b271c42778cd4b404 prompt='[CONTEXTE FEEDBACK - Tentative 3/3]\nPrompt origina'
2026-07-12 16:34:44,394 [INFO] [execute] Fenetre ID: 23068732
2026-07-12 16:34:44,396 [INFO] [execute] Clic saisie: 401,528
2026-07-12 16:34:44,397 [INFO] [click] Absolu: 403,628
2026-07-12 16:34:45,120 [INFO] [execute] Collage prompt
2026-07-12 16:34:50,129 [WARNING] [subprocess] timeout: ['xclip', '-selection', 'c', '-i', '/tmp/tmp9nus6ezr.txt']
2026-07-12 16:34:50,231 [INFO] [type] Collage: [CONTEXTE FEEDBACK - Tentative 3/3]
Prompt origina...
2026-07-12 16:34:50,422 [INFO] [type] Collage OK
2026-07-12 16:34:50,724 [INFO] [execute] Clic send: 1127,590
2026-07-12 16:34:50,724 [INFO] [click] Absolu: 1129,690
2026-07-12 16:34:53,943 [INFO] [execute] Tentative copy 1/12...
2026-07-12 16:34:53,943 [INFO] [click] Absolu: 403,546
2026-07-12 16:34:57,500 [INFO] [execute] Tentative copy 2/12...
2026-07-12 16:34:57,501 [INFO] [click] Absolu: 403,546
2026-07-12 16:34:58,582 [INFO] [execute] Reponse (xdotool) apres 14221ms
2026-07-12 16:43:46,736 [INFO] [worker] Execution tache chatcmpl-bd03a0ac376e4c1991237ba1 sur chat_deepseek_com
2026-07-12 16:43:46,739 [INFO] [execute] page=chat_deepseek_com task=chatcmpl-bd03a0ac376e4c1991237ba1 prompt="c'est skill le nom du dossier"
2026-07-12 16:43:46,765 [INFO] [execute] Fenetre ID: 23068732
2026-07-12 16:43:46,766 [INFO] [execute] Clic saisie: 401,528
2026-07-12 16:43:46,787 [INFO] [click] Absolu: 403,628
2026-07-12 16:43:47,503 [INFO] [execute] Collage prompt
2026-07-12 16:43:52,509 [WARNING] [subprocess] timeout: ['xclip', '-selection', 'c', '-i', '/tmp/tmp11_gc6is.txt']
2026-07-12 16:43:52,611 [INFO] [type] Collage: c'est skill le nom du dossier...
2026-07-12 16:43:52,799 [INFO] [type] Collage OK
2026-07-12 16:43:53,100 [INFO] [execute] Clic send: 1127,590
2026-07-12 16:43:53,100 [INFO] [click] Absolu: 1129,690
2026-07-12 16:43:56,326 [INFO] [execute] Tentative copy 1/12...
2026-07-12 16:43:56,327 [INFO] [click] Absolu: 403,546
2026-07-12 16:43:57,401 [INFO] [execute] Reponse (xdotool) apres 10662ms
2026-07-12 16:43:58,263 [INFO] [worker] Execution tache chatcmpl-585671a3507d46c4bf874b18 sur chat_deepseek_com
2026-07-12 16:43:58,278 [INFO] [execute] page=chat_deepseek_com task=chatcmpl-585671a3507d46c4bf874b18 prompt='[ACTIONS REUSSIES - Etape 1/3]\nATTENTION: Ne repet'
2026-07-12 16:43:58,302 [INFO] [execute] Fenetre ID: 23068732
2026-07-12 16:43:58,302 [INFO] [execute] Clic saisie: 401,528
2026-07-12 16:43:58,303 [INFO] [click] Absolu: 403,628
2026-07-12 16:43:59,032 [INFO] [execute] Collage prompt
2026-07-12 16:44:04,037 [WARNING] [subprocess] timeout: ['xclip', '-selection', 'c', '-i', '/tmp/tmpf6a046yu.txt']
2026-07-12 16:44:04,138 [INFO] [type] Collage: [ACTIONS REUSSIES - Etape 1/3]
ATTENTION: Ne repet...
2026-07-12 16:44:04,331 [INFO] [type] Collage OK
2026-07-12 16:44:04,633 [INFO] [execute] Clic send: 1127,590
2026-07-12 16:44:04,633 [INFO] [click] Absolu: 1129,690
2026-07-12 16:44:07,848 [INFO] [execute] Tentative copy 1/12...
2026-07-12 16:44:07,848 [INFO] [click] Absolu: 403,546
2026-07-12 16:44:11,407 [INFO] [execute] Tentative copy 2/12...
2026-07-12 16:44:11,408 [INFO] [click] Absolu: 403,546
2026-07-12 16:44:12,492 [INFO] [execute] Reponse (xdotool) apres 14214ms
2026-07-12 16:44:13,405 [INFO] [worker] Execution tache chatcmpl-5367cba4d0ab45e49a314b30 sur chat_deepseek_com
2026-07-12 16:44:13,408 [INFO] [execute] page=chat_deepseek_com task=chatcmpl-5367cba4d0ab45e49a314b30 prompt='[ACTIONS REUSSIES - Etape 2/3]\nATTENTION: Ne repet'
2026-07-12 16:44:13,438 [INFO] [execute] Fenetre ID: 23068732
2026-07-12 16:44:13,439 [INFO] [execute] Clic saisie: 401,528
2026-07-12 16:44:13,440 [INFO] [click] Absolu: 403,628
2026-07-12 16:44:14,162 [INFO] [execute] Collage prompt
2026-07-12 16:44:19,171 [WARNING] [subprocess] timeout: ['xclip', '-selection', 'c', '-i', '/tmp/tmp4buh21ux.txt']
2026-07-12 16:44:19,271 [INFO] [type] Collage: [ACTIONS REUSSIES - Etape 2/3]
ATTENTION: Ne repet...
2026-07-12 16:44:19,462 [INFO] [type] Collage OK
2026-07-12 16:44:19,763 [INFO] [execute] Clic send: 1127,590
2026-07-12 16:44:19,775 [INFO] [click] Absolu: 1129,690
2026-07-12 16:44:22,992 [INFO] [execute] Tentative copy 1/12...
2026-07-12 16:44:22,992 [INFO] [click] Absolu: 403,546
2026-07-12 16:44:26,563 [INFO] [execute] Tentative copy 2/12...
2026-07-12 16:44:26,563 [INFO] [click] Absolu: 403,546
2026-07-12 16:44:27,661 [INFO] [execute] Reponse (xdotool) apres 14253ms
2026-07-12 16:56:08,483 [INFO] [worker] Execution tache chatcmpl-9ac0191b6bc94981a83c1e2f sur chat_deepseek_com
2026-07-12 16:56:08,484 [INFO] [execute] page=chat_deepseek_com task=chatcmpl-9ac0191b6bc94981a83c1e2f prompt='le nom du fichier dans dulus est skill'
2026-07-12 16:56:08,492 [INFO] [execute] Fenetre ID: 23068732
2026-07-12 16:56:08,492 [INFO] [execute] Clic saisie: 401,528
2026-07-12 16:56:08,501 [INFO] [click] Absolu: 403,628
2026-07-12 16:56:09,218 [INFO] [execute] Collage prompt
2026-07-12 16:56:14,225 [WARNING] [subprocess] timeout: ['xclip', '-selection', 'c', '-i', '/tmp/tmpqrf6ljnn.txt']
2026-07-12 16:56:14,326 [INFO] [type] Collage: le nom du fichier dans dulus est skill...
2026-07-12 16:56:14,533 [INFO] [type] Collage OK
2026-07-12 16:56:14,834 [INFO] [execute] Clic send: 1127,590
2026-07-12 16:56:14,834 [INFO] [click] Absolu: 1129,690
2026-07-12 16:56:18,060 [INFO] [execute] Tentative copy 1/12...
2026-07-12 16:56:18,060 [INFO] [click] Absolu: 403,546
2026-07-12 16:56:19,142 [INFO] [execute] Reponse (xdotool) apres 10658ms
2026-07-12 16:56:39,088 [INFO] [worker] Execution tache chatcmpl-cc4e519c03ba4daf88284884 sur chat_deepseek_com
2026-07-12 16:56:39,091 [INFO] [execute] page=chat_deepseek_com task=chatcmpl-cc4e519c03ba4daf88284884 prompt='le nom du dossier dans dulus est skill'
2026-07-12 16:56:39,121 [INFO] [execute] Fenetre ID: 23068732
2026-07-12 16:56:39,122 [INFO] [execute] Clic saisie: 401,528
2026-07-12 16:56:39,134 [INFO] [click] Absolu: 403,628
2026-07-12 16:56:39,861 [INFO] [execute] Collage prompt
2026-07-12 16:56:44,869 [WARNING] [subprocess] timeout: ['xclip', '-selection', 'c', '-i', '/tmp/tmpzhqfunhb.txt']
2026-07-12 16:56:44,971 [INFO] [type] Collage: le nom du dossier dans dulus est skill...
2026-07-12 16:56:45,163 [INFO] [type] Collage OK
2026-07-12 16:56:45,465 [INFO] [execute] Clic send: 1127,590
2026-07-12 16:56:45,466 [INFO] [click] Absolu: 1129,690
2026-07-12 16:56:48,691 [INFO] [execute] Tentative copy 1/12...
2026-07-12 16:56:48,691 [INFO] [click] Absolu: 403,546
2026-07-12 16:56:52,246 [INFO] [execute] Tentative copy 2/12...
2026-07-12 16:56:52,247 [INFO] [click] Absolu: 403,546
2026-07-12 16:56:53,312 [INFO] [execute] Reponse (xdotool) apres 14221ms
2026-07-12 16:56:54,384 [INFO] [worker] Execution tache chatcmpl-49569567c2f54bb79a4029b3 sur chat_deepseek_com
2026-07-12 16:56:54,388 [INFO] [execute] page=chat_deepseek_com task=chatcmpl-49569567c2f54bb79a4029b3 prompt='[CONTEXTE FEEDBACK - Etape 1]\nPrompt original : le'
2026-07-12 16:56:54,421 [INFO] [execute] Fenetre ID: 23068732
2026-07-12 16:56:54,422 [INFO] [execute] Clic saisie: 401,528
2026-07-12 16:56:54,423 [INFO] [click] Absolu: 403,628
2026-07-12 16:56:55,149 [INFO] [execute] Collage prompt
2026-07-12 16:57:00,157 [WARNING] [subprocess] timeout: ['xclip', '-selection', 'c', '-i', '/tmp/tmp4vy0zgo8.txt']
2026-07-12 16:57:00,259 [INFO] [type] Collage: [CONTEXTE FEEDBACK - Etape 1]
Prompt original : le...
2026-07-12 16:57:00,447 [INFO] [type] Collage OK
2026-07-12 16:57:00,750 [INFO] [execute] Clic send: 1127,590
2026-07-12 16:57:00,753 [INFO] [click] Absolu: 1129,690
2026-07-12 16:57:03,986 [INFO] [execute] Tentative copy 1/12...
2026-07-12 16:57:03,986 [INFO] [click] Absolu: 403,546
2026-07-12 16:57:05,071 [INFO] [execute] Reponse (xdotool) apres 10683ms
2026-07-12 17:02:58,071 [INFO] [worker] Execution tache chatcmpl-f80dedfd8de14367b1fbb00d sur chat_deepseek_com
2026-07-12 17:02:58,072 [INFO] [execute] page=chat_deepseek_com task=chatcmpl-f80dedfd8de14367b1fbb00d prompt='lit le dossier /home/leon/essai/Dulus/skill'
2026-07-12 17:02:58,079 [INFO] [execute] Fenetre ID: 23068732
2026-07-12 17:02:58,080 [INFO] [execute] Clic saisie: 401,528
2026-07-12 17:02:58,088 [INFO] [click] Absolu: 403,628
2026-07-12 17:02:58,813 [INFO] [execute] Collage prompt
2026-07-12 17:03:03,822 [WARNING] [subprocess] timeout: ['xclip', '-selection', 'c', '-i', '/tmp/tmpnd10ajt9.txt']
2026-07-12 17:03:03,922 [INFO] [type] Collage: lit le dossier /home/leon/essai/Dulus/skill...
2026-07-12 17:03:04,132 [INFO] [type] Collage OK
2026-07-12 17:03:04,433 [INFO] [execute] Clic send: 1127,590
2026-07-12 17:03:04,433 [INFO] [click] Absolu: 1129,690
2026-07-12 17:03:07,662 [INFO] [execute] Tentative copy 1/12...
2026-07-12 17:03:07,663 [INFO] [click] Absolu: 403,546
2026-07-12 17:03:08,736 [INFO] [execute] Reponse (xdotool) apres 10664ms
2026-07-12 17:03:09,434 [INFO] [worker] Execution tache chatcmpl-fec2c3384b42416dbff056f7 sur chat_deepseek_com
2026-07-12 17:03:09,436 [INFO] [execute] page=chat_deepseek_com task=chatcmpl-fec2c3384b42416dbff056f7 prompt='[ACTIONS REUSSIES - Etape 1]\nATTENTION: Ne repete '
2026-07-12 17:03:09,464 [INFO] [execute] Fenetre ID: 23068732
2026-07-12 17:03:09,466 [INFO] [execute] Clic saisie: 401,528
2026-07-12 17:03:09,467 [INFO] [click] Absolu: 403,628
2026-07-12 17:03:10,195 [INFO] [execute] Collage prompt
2026-07-12 17:03:15,203 [WARNING] [subprocess] timeout: ['xclip', '-selection', 'c', '-i', '/tmp/tmpdi_nk236.txt']
2026-07-12 17:03:15,304 [INFO] [type] Collage: [ACTIONS REUSSIES - Etape 1]
ATTENTION: Ne repete ...
2026-07-12 17:03:15,507 [INFO] [type] Collage OK
2026-07-12 17:03:15,808 [INFO] [execute] Clic send: 1127,590
2026-07-12 17:03:15,808 [INFO] [click] Absolu: 1129,690
2026-07-12 17:03:19,025 [INFO] [execute] Tentative copy 1/12...
2026-07-12 17:03:19,026 [INFO] [click] Absolu: 403,546
2026-07-12 17:03:22,580 [INFO] [execute] Tentative copy 2/12...
2026-07-12 17:03:22,581 [INFO] [click] Absolu: 403,546
2026-07-12 17:03:23,679 [INFO] [execute] Reponse (xdotool) apres 14243ms
2026-07-12 17:03:24,540 [INFO] [worker] Execution tache chatcmpl-3c5d9009e7894684ad0bc1fe sur chat_deepseek_com
2026-07-12 17:03:24,543 [INFO] [execute] page=chat_deepseek_com task=chatcmpl-3c5d9009e7894684ad0bc1fe prompt='[ACTIONS REUSSIES - Etape 2]\nATTENTION: Ne repete '
2026-07-12 17:03:24,570 [INFO] [execute] Fenetre ID: 23068732
2026-07-12 17:03:24,572 [INFO] [execute] Clic saisie: 401,528
2026-07-12 17:03:24,573 [INFO] [click] Absolu: 403,628
2026-07-12 17:03:25,298 [INFO] [execute] Collage prompt
2026-07-12 17:03:30,306 [WARNING] [subprocess] timeout: ['xclip', '-selection', 'c', '-i', '/tmp/tmpbaqy7hh9.txt']
2026-07-12 17:03:30,408 [INFO] [type] Collage: [ACTIONS REUSSIES - Etape 2]
ATTENTION: Ne repete ...
2026-07-12 17:03:30,600 [INFO] [type] Collage OK
2026-07-12 17:03:30,901 [INFO] [execute] Clic send: 1127,590
2026-07-12 17:03:30,913 [INFO] [click] Absolu: 1129,690
2026-07-12 17:03:34,128 [INFO] [execute] Tentative copy 1/12...
2026-07-12 17:03:34,128 [INFO] [click] Absolu: 403,546
2026-07-12 17:03:37,688 [INFO] [execute] Tentative copy 2/12...
2026-07-12 17:03:37,689 [INFO] [click] Absolu: 403,546
2026-07-12 17:03:38,770 [INFO] [execute] Reponse (xdotool) apres 14226ms
2026-07-12 17:03:39,526 [INFO] [worker] Execution tache chatcmpl-fc387a76ed844650ad2a61d8 sur chat_deepseek_com
2026-07-12 17:03:39,530 [INFO] [execute] page=chat_deepseek_com task=chatcmpl-fc387a76ed844650ad2a61d8 prompt='[ACTIONS REUSSIES - Etape 3]\nATTENTION: Ne repete '
2026-07-12 17:03:39,558 [INFO] [execute] Fenetre ID: 23068732
2026-07-12 17:03:39,559 [INFO] [execute] Clic saisie: 401,528
2026-07-12 17:03:39,559 [INFO] [click] Absolu: 403,628
2026-07-12 17:03:40,294 [INFO] [execute] Collage prompt
2026-07-12 17:03:45,302 [WARNING] [subprocess] timeout: ['xclip', '-selection', 'c', '-i', '/tmp/tmp6q27lndo.txt']
2026-07-12 17:03:45,403 [INFO] [type] Collage: [ACTIONS REUSSIES - Etape 3]
ATTENTION: Ne repete ...
2026-07-12 17:03:45,592 [INFO] [type] Collage OK
2026-07-12 17:03:45,893 [INFO] [execute] Clic send: 1127,590
2026-07-12 17:03:45,893 [INFO] [click] Absolu: 1129,690
2026-07-12 17:03:49,108 [INFO] [execute] Tentative copy 1/12...
2026-07-12 17:03:49,109 [INFO] [click] Absolu: 403,546
2026-07-12 17:03:52,676 [INFO] [execute] Tentative copy 2/12...
2026-07-12 17:03:52,677 [INFO] [click] Absolu: 403,546
2026-07-12 17:03:53,762 [INFO] [execute] Reponse (xdotool) apres 14231ms
2026-07-12 17:04:13,903 [INFO] [worker] Execution tache chatcmpl-a0bda11482314f9a85d827e5 sur chat_deepseek_com
2026-07-12 17:04:13,903 [INFO] [execute] page=chat_deepseek_com task=chatcmpl-a0bda11482314f9a85d827e5 prompt='lit le dossier /home/leon/essai/Dulus/skill'
2026-07-12 17:04:13,911 [INFO] [execute] Fenetre ID: 23068732
2026-07-12 17:04:13,912 [INFO] [execute] Clic saisie: 401,528
2026-07-12 17:04:13,920 [INFO] [click] Absolu: 403,628
2026-07-12 17:04:14,640 [INFO] [execute] Collage prompt
2026-07-12 17:04:19,646 [WARNING] [subprocess] timeout: ['xclip', '-selection', 'c', '-i', '/tmp/tmp8du36zeu.txt']
2026-07-12 17:04:19,748 [INFO] [type] Collage: lit le dossier /home/leon/essai/Dulus/skill...
2026-07-12 17:04:19,941 [INFO] [type] Collage OK
2026-07-12 17:04:20,243 [INFO] [execute] Clic send: 1127,590
2026-07-12 17:04:20,244 [INFO] [click] Absolu: 1129,690
2026-07-12 17:04:23,470 [INFO] [execute] Tentative copy 1/12...
2026-07-12 17:04:23,471 [INFO] [click] Absolu: 403,546
2026-07-12 17:04:24,544 [INFO] [execute] Reponse (xdotool) apres 10640ms
2026-07-12 17:04:25,483 [INFO] [worker] Execution tache chatcmpl-13f15a2dad4043cd9225361d sur chat_deepseek_com
2026-07-12 17:04:25,484 [INFO] [execute] page=chat_deepseek_com task=chatcmpl-13f15a2dad4043cd9225361d prompt='[ACTIONS REUSSIES - Etape 1]\nATTENTION: Ne repete '
2026-07-12 17:04:25,520 [INFO] [execute] Fenetre ID: 23068732
2026-07-12 17:04:25,522 [INFO] [execute] Clic saisie: 401,528
2026-07-12 17:04:25,523 [INFO] [click] Absolu: 403,628
2026-07-12 17:04:26,260 [INFO] [execute] Collage prompt
2026-07-12 17:04:31,269 [WARNING] [subprocess] timeout: ['xclip', '-selection', 'c', '-i', '/tmp/tmpbdkr893k.txt']
2026-07-12 17:04:31,371 [INFO] [type] Collage: [ACTIONS REUSSIES - Etape 1]
ATTENTION: Ne repete ...
2026-07-12 17:04:31,567 [INFO] [type] Collage OK
2026-07-12 17:04:31,869 [INFO] [execute] Clic send: 1127,590
2026-07-12 17:04:31,869 [INFO] [click] Absolu: 1129,690
2026-07-12 17:04:35,083 [INFO] [execute] Tentative copy 1/12...
2026-07-12 17:04:35,084 [INFO] [click] Absolu: 403,546
2026-07-12 17:04:38,640 [INFO] [execute] Tentative copy 2/12...
2026-07-12 17:04:38,641 [INFO] [click] Absolu: 403,546
2026-07-12 17:04:42,220 [INFO] [execute] Tentative copy 3/12...
2026-07-12 17:04:42,220 [INFO] [click] Absolu: 403,546
2026-07-12 17:04:45,777 [INFO] [execute] Tentative copy 4/12...
2026-07-12 17:04:45,788 [INFO] [click] Absolu: 403,546
2026-07-12 17:04:49,348 [INFO] [execute] Tentative copy 5/12...
2026-07-12 17:04:49,349 [INFO] [click] Absolu: 403,546
2026-07-12 17:04:52,905 [INFO] [execute] Tentative copy 6/12...
2026-07-12 17:04:52,905 [INFO] [click] Absolu: 403,546
2026-07-12 17:04:53,967 [INFO] [execute] Reponse (xdotool) apres 28483ms
2026-07-12 17:04:54,523 [INFO] [worker] Execution tache chatcmpl-4e3480cac37542efa21e783a sur chat_deepseek_com
2026-07-12 17:04:54,524 [INFO] [execute] page=chat_deepseek_com task=chatcmpl-4e3480cac37542efa21e783a prompt='[ACTIONS REUSSIES - Etape 2]\nATTENTION: Ne repete '
2026-07-12 17:04:54,551 [INFO] [execute] Fenetre ID: 23068732
2026-07-12 17:04:54,553 [INFO] [execute] Clic saisie: 401,528
2026-07-12 17:04:54,554 [INFO] [click] Absolu: 403,628
2026-07-12 17:04:55,273 [INFO] [execute] Collage prompt
2026-07-12 17:05:00,282 [WARNING] [subprocess] timeout: ['xclip', '-selection', 'c', '-i', '/tmp/tmp0hwq2k83.txt']
2026-07-12 17:05:00,384 [INFO] [type] Collage: [ACTIONS REUSSIES - Etape 2]
ATTENTION: Ne repete ...
2026-07-12 17:05:00,573 [INFO] [type] Collage OK
2026-07-12 17:05:00,874 [INFO] [execute] Clic send: 1127,590
2026-07-12 17:05:00,874 [INFO] [click] Absolu: 1129,690
2026-07-12 17:05:04,089 [INFO] [execute] Tentative copy 1/12...
2026-07-12 17:05:04,089 [INFO] [click] Absolu: 403,546
2026-07-12 17:05:05,171 [INFO] [execute] Reponse (xdotool) apres 10646ms
2026-07-12 17:05:59,353 [INFO] [worker] Execution tache chatcmpl-04880cfe2a4b4caa814671c3 sur chat_deepseek_com
2026-07-12 17:05:59,356 [INFO] [execute] page=chat_deepseek_com task=chatcmpl-04880cfe2a4b4caa814671c3 prompt="tu peux t'y passer et me faire un html de la terre"
2026-07-12 17:05:59,383 [INFO] [execute] Fenetre ID: 23068732
2026-07-12 17:05:59,383 [INFO] [execute] Clic saisie: 401,528
2026-07-12 17:05:59,408 [INFO] [click] Absolu: 403,628
2026-07-12 17:06:00,134 [INFO] [execute] Collage prompt
2026-07-12 17:06:05,141 [WARNING] [subprocess] timeout: ['xclip', '-selection', 'c', '-i', '/tmp/tmp1f9nyagd.txt']
2026-07-12 17:06:05,243 [INFO] [type] Collage: tu peux t'y passer et me faire un html de la terre...
2026-07-12 17:06:05,434 [INFO] [type] Collage OK
2026-07-12 17:06:05,735 [INFO] [execute] Clic send: 1127,590
2026-07-12 17:06:05,736 [INFO] [click] Absolu: 1129,690
2026-07-12 17:06:08,957 [INFO] [execute] Tentative copy 1/12...
2026-07-12 17:06:08,957 [INFO] [click] Absolu: 403,546
2026-07-12 17:06:12,514 [INFO] [execute] Tentative copy 2/12...
2026-07-12 17:06:12,515 [INFO] [click] Absolu: 403,546
2026-07-12 17:06:16,072 [INFO] [execute] Tentative copy 3/12...
2026-07-12 17:06:16,072 [INFO] [click] Absolu: 403,546
2026-07-12 17:06:19,637 [INFO] [execute] Tentative copy 4/12...
2026-07-12 17:06:19,638 [INFO] [click] Absolu: 403,546
2026-07-12 17:06:23,202 [INFO] [execute] Tentative copy 5/12...
2026-07-12 17:06:23,202 [INFO] [click] Absolu: 403,546
2026-07-12 17:06:26,759 [INFO] [execute] Tentative copy 6/12...
2026-07-12 17:06:26,759 [INFO] [click] Absolu: 403,546
2026-07-12 17:06:30,314 [INFO] [execute] Tentative copy 7/12...
2026-07-12 17:06:30,326 [INFO] [click] Absolu: 403,546
2026-07-12 17:06:33,887 [INFO] [execute] Tentative copy 8/12...
2026-07-12 17:06:33,888 [INFO] [click] Absolu: 403,546
2026-07-12 17:06:37,445 [INFO] [execute] Tentative copy 9/12...
2026-07-12 17:06:37,446 [INFO] [click] Absolu: 403,546
2026-07-12 17:06:41,002 [INFO] [execute] Tentative copy 10/12...
2026-07-12 17:06:41,003 [INFO] [click] Absolu: 403,546
2026-07-12 17:06:42,091 [INFO] [execute] Reponse (xdotool) apres 42734ms
2026-07-12 17:06:42,812 [INFO] [worker] Execution tache chatcmpl-ba0b5515d250408d9339a19e sur chat_deepseek_com
2026-07-12 17:06:42,816 [INFO] [execute] page=chat_deepseek_com task=chatcmpl-ba0b5515d250408d9339a19e prompt='[ACTIONS REUSSIES - Etape 1]\nATTENTION: Ne repete '
2026-07-12 17:06:42,843 [INFO] [execute] Fenetre ID: 23068732
2026-07-12 17:06:42,844 [INFO] [execute] Clic saisie: 401,528
2026-07-12 17:06:42,844 [INFO] [click] Absolu: 403,628
2026-07-12 17:06:43,568 [INFO] [execute] Collage prompt
2026-07-12 17:06:48,576 [WARNING] [subprocess] timeout: ['xclip', '-selection', 'c', '-i', '/tmp/tmpb3lvm4i2.txt']
2026-07-12 17:06:48,677 [INFO] [type] Collage: [ACTIONS REUSSIES - Etape 1]
ATTENTION: Ne repete ...
2026-07-12 17:06:48,868 [INFO] [type] Collage OK
2026-07-12 17:06:49,169 [INFO] [execute] Clic send: 1127,590
2026-07-12 17:06:49,169 [INFO] [click] Absolu: 1129,690
2026-07-12 17:06:52,383 [INFO] [execute] Tentative copy 1/12...
2026-07-12 17:06:52,383 [INFO] [click] Absolu: 403,546
2026-07-12 17:06:53,450 [INFO] [execute] Reponse (xdotool) apres 10634ms
2026-07-12 17:08:56,164 [INFO] [worker] Execution tache chatcmpl-ff615362c1424cf6b98e8b86 sur chat_deepseek_com
2026-07-12 17:08:56,167 [INFO] [execute] page=chat_deepseek_com task=chatcmpl-ff615362c1424cf6b98e8b86 prompt='je veux voir notre globe en 3D'
2026-07-12 17:08:56,195 [INFO] [execute] Fenetre ID: 23068732
2026-07-12 17:08:56,196 [INFO] [execute] Clic saisie: 401,528
2026-07-12 17:08:56,219 [INFO] [click] Absolu: 403,628
2026-07-12 17:08:56,939 [INFO] [execute] Collage prompt
2026-07-12 17:09:01,947 [WARNING] [subprocess] timeout: ['xclip', '-selection', 'c', '-i', '/tmp/tmp_8cvevw7.txt']
2026-07-12 17:09:02,048 [INFO] [type] Collage: je veux voir notre globe en 3D...
2026-07-12 17:09:02,237 [INFO] [type] Collage OK
2026-07-12 17:09:02,539 [INFO] [execute] Clic send: 1127,590
2026-07-12 17:09:02,539 [INFO] [click] Absolu: 1129,690
2026-07-12 17:09:05,751 [INFO] [execute] Tentative copy 1/12...
2026-07-12 17:09:05,752 [INFO] [click] Absolu: 403,546
2026-07-12 17:09:09,310 [INFO] [execute] Tentative copy 2/12...
2026-07-12 17:09:09,311 [INFO] [click] Absolu: 403,546
2026-07-12 17:09:12,867 [INFO] [execute] Tentative copy 3/12...
2026-07-12 17:09:12,868 [INFO] [click] Absolu: 403,546
2026-07-12 17:09:16,433 [INFO] [execute] Tentative copy 4/12...
2026-07-12 17:09:16,434 [INFO] [click] Absolu: 403,546
2026-07-12 17:09:19,986 [INFO] [execute] Tentative copy 5/12...
2026-07-12 17:09:19,986 [INFO] [click] Absolu: 403,546
2026-07-12 17:09:23,544 [INFO] [execute] Tentative copy 6/12...
2026-07-12 17:09:23,545 [INFO] [click] Absolu: 403,546
2026-07-12 17:09:27,097 [INFO] [execute] Tentative copy 7/12...
2026-07-12 17:09:27,109 [INFO] [click] Absolu: 403,546
2026-07-12 17:09:30,664 [INFO] [execute] Tentative copy 8/12...
2026-07-12 17:09:30,665 [INFO] [click] Absolu: 403,546
2026-07-12 17:09:34,229 [INFO] [execute] Tentative copy 9/12...
2026-07-12 17:09:34,230 [INFO] [click] Absolu: 403,546
2026-07-12 17:09:37,783 [INFO] [execute] Tentative copy 10/12...
2026-07-12 17:09:37,784 [INFO] [click] Absolu: 403,546
2026-07-12 17:09:41,336 [INFO] [execute] Tentative copy 11/12...
2026-07-12 17:09:41,337 [INFO] [click] Absolu: 403,546
2026-07-12 17:09:44,918 [INFO] [execute] Tentative copy 12/12...
2026-07-12 17:09:44,919 [INFO] [click] Absolu: 403,546
2026-07-12 17:09:48,499 [INFO] [execute] Tentative copy 13/12...
2026-07-12 17:09:48,499 [INFO] [click] Absolu: 403,546
2026-07-12 17:09:52,089 [INFO] [execute] Tentative copy 14/12...
2026-07-12 17:09:52,089 [INFO] [click] Absolu: 403,546
2026-07-12 17:09:55,679 [INFO] [execute] Tentative copy 15/12...
2026-07-12 17:09:55,680 [INFO] [click] Absolu: 403,546
2026-07-12 17:09:59,286 [INFO] [execute] Tentative copy 16/12...
2026-07-12 17:09:59,299 [INFO] [click] Absolu: 403,546
2026-07-12 17:10:02,860 [INFO] [execute] Tentative copy 17/12...
2026-07-12 17:10:02,861 [INFO] [click] Absolu: 403,546
2026-07-12 17:10:06,415 [INFO] [execute] Tentative copy 18/12...
2026-07-12 17:10:06,416 [INFO] [click] Absolu: 403,546
2026-07-12 17:10:10,022 [INFO] [execute] Tentative copy 19/12...
2026-07-12 17:10:10,022 [INFO] [click] Absolu: 403,546
2026-07-12 17:10:13,598 [INFO] [execute] Tentative copy 20/12...
2026-07-12 17:10:13,598 [INFO] [click] Absolu: 403,546
2026-07-12 17:10:17,161 [INFO] [execute] Tentative copy 21/12...
2026-07-12 17:10:17,162 [INFO] [click] Absolu: 403,546
2026-07-12 17:10:20,724 [INFO] [execute] Tentative copy 22/12...
2026-07-12 17:10:20,724 [INFO] [click] Absolu: 403,546
2026-07-12 17:10:24,350 [INFO] [execute] Tentative copy 23/12...
2026-07-12 17:10:24,350 [INFO] [click] Absolu: 403,546
2026-07-12 17:10:27,962 [INFO] [execute] Tentative copy 24/12...
2026-07-12 17:10:27,963 [INFO] [click] Absolu: 403,546
2026-07-12 17:10:31,563 [INFO] [execute] Tentative copy 25/12...
2026-07-12 17:10:31,580 [INFO] [click] Absolu: 403,546
2026-07-12 17:10:35,155 [INFO] [execute] Tentative copy 26/12...
2026-07-12 17:10:35,156 [INFO] [click] Absolu: 403,546
2026-07-12 17:10:38,764 [INFO] [execute] Tentative copy 27/12...
2026-07-12 17:10:38,765 [INFO] [click] Absolu: 403,546
2026-07-12 17:10:42,352 [INFO] [execute] Tentative copy 28/12...
2026-07-12 17:10:42,353 [INFO] [click] Absolu: 403,546
2026-07-12 17:10:45,938 [INFO] [execute] Tentative copy 29/12...
2026-07-12 17:10:45,939 [INFO] [click] Absolu: 403,546
2026-07-12 17:10:49,496 [INFO] [execute] Tentative copy 30/12...
2026-07-12 17:10:49,497 [INFO] [click] Absolu: 403,546
2026-07-12 17:10:53,066 [INFO] [execute] Tentative copy 31/12...
2026-07-12 17:10:53,067 [INFO] [click] Absolu: 403,546
2026-07-12 17:10:56,622 [INFO] [execute] Tentative copy 32/12...
2026-07-12 17:10:56,623 [INFO] [click] Absolu: 403,546
2026-07-12 17:11:00,229 [INFO] [execute] Tentative copy 33/12...
2026-07-12 17:11:00,230 [INFO] [click] Absolu: 403,546
2026-07-12 17:11:03,784 [INFO] [execute] Tentative copy 34/12...
2026-07-12 17:11:03,796 [INFO] [click] Absolu: 403,546
2026-07-12 17:11:07,351 [INFO] [execute] Tentative copy 35/12...
2026-07-12 17:11:07,352 [INFO] [click] Absolu: 403,546
2026-07-12 17:11:10,935 [INFO] [execute] Tentative copy 36/12...
2026-07-12 17:11:10,936 [INFO] [click] Absolu: 403,546
2026-07-12 17:11:14,523 [INFO] [execute] Tentative copy 37/12...
2026-07-12 17:11:14,524 [INFO] [click] Absolu: 403,546
2026-07-12 17:11:18,101 [INFO] [execute] Tentative copy 38/12...
2026-07-12 17:11:18,102 [INFO] [click] Absolu: 403,546
2026-07-12 17:11:21,687 [INFO] [execute] Tentative copy 39/12...
2026-07-12 17:11:21,687 [INFO] [click] Absolu: 403,546
2026-07-12 17:11:25,258 [INFO] [execute] Tentative copy 40/12...
2026-07-12 17:11:25,259 [INFO] [click] Absolu: 403,546
2026-07-12 17:11:28,817 [INFO] [execute] Tentative copy 41/12...
2026-07-12 17:11:28,817 [INFO] [click] Absolu: 403,546
2026-07-12 17:11:32,371 [INFO] [execute] Tentative copy 42/12...
2026-07-12 17:11:32,371 [INFO] [click] Absolu: 403,546
2026-07-12 17:11:35,933 [INFO] [execute] Tentative copy 43/12...
2026-07-12 17:11:35,945 [INFO] [click] Absolu: 403,546
2026-07-12 17:11:39,507 [INFO] [execute] Tentative copy 44/12...
2026-07-12 17:11:39,508 [INFO] [click] Absolu: 403,546
2026-07-12 17:11:43,067 [INFO] [execute] Tentative copy 45/12...
2026-07-12 17:11:43,067 [INFO] [click] Absolu: 403,546
2026-07-12 17:11:46,624 [INFO] [execute] Tentative copy 46/12...
2026-07-12 17:11:46,624 [INFO] [click] Absolu: 403,546
2026-07-12 17:11:50,179 [INFO] [execute] Tentative copy 47/12...
2026-07-12 17:11:50,179 [INFO] [click] Absolu: 403,546
2026-07-12 17:11:53,754 [INFO] [worker] Execution tache chatcmpl-ec67161a53124df3bd022385 sur chat_deepseek_com
2026-07-12 17:11:53,755 [INFO] [execute] page=chat_deepseek_com task=chatcmpl-ec67161a53124df3bd022385 prompt='je veux voir notre globe en 3D'
2026-07-12 17:11:53,766 [INFO] [execute] Fenetre ID: 23068732
2026-07-12 17:11:53,767 [INFO] [execute] Clic saisie: 401,528
2026-07-12 17:11:53,767 [INFO] [click] Absolu: 403,628
2026-07-12 17:11:54,490 [INFO] [execute] Collage prompt
2026-07-12 17:11:59,498 [WARNING] [subprocess] timeout: ['xclip', '-selection', 'c', '-i', '/tmp/tmppunwg7cg.txt']
2026-07-12 17:11:59,598 [INFO] [type] Collage: je veux voir notre globe en 3D...
2026-07-12 17:11:59,785 [INFO] [type] Collage OK
2026-07-12 17:12:00,085 [INFO] [execute] Clic send: 1127,590
2026-07-12 17:12:00,086 [INFO] [click] Absolu: 1129,690
2026-07-12 17:12:03,307 [INFO] [execute] Tentative copy 1/12...
2026-07-12 17:12:03,307 [INFO] [click] Absolu: 403,546
2026-07-12 17:12:06,867 [INFO] [execute] Tentative copy 2/12...
2026-07-12 17:12:06,880 [INFO] [click] Absolu: 403,546
2026-07-12 17:12:10,437 [INFO] [execute] Tentative copy 3/12...
2026-07-12 17:12:10,437 [INFO] [click] Absolu: 403,546
2026-07-12 17:12:13,997 [INFO] [execute] Tentative copy 4/12...
2026-07-12 17:12:13,997 [INFO] [click] Absolu: 403,546
2026-07-12 17:12:17,564 [INFO] [execute] Tentative copy 5/12...
2026-07-12 17:12:17,565 [INFO] [click] Absolu: 403,546
2026-07-12 17:12:21,126 [INFO] [execute] Tentative copy 6/12...
2026-07-12 17:12:21,127 [INFO] [click] Absolu: 403,546
2026-07-12 17:12:24,681 [INFO] [execute] Tentative copy 7/12...
2026-07-12 17:12:24,681 [INFO] [click] Absolu: 403,546
2026-07-12 17:12:28,245 [INFO] [execute] Tentative copy 8/12...
2026-07-12 17:12:28,246 [INFO] [click] Absolu: 403,546
2026-07-12 17:12:31,799 [INFO] [execute] Tentative copy 9/12...
2026-07-12 17:12:31,800 [INFO] [click] Absolu: 403,546
2026-07-12 17:12:35,382 [INFO] [execute] Tentative copy 10/12...
2026-07-12 17:12:35,383 [INFO] [click] Absolu: 403,546
2026-07-12 17:12:38,964 [INFO] [execute] Tentative copy 11/12...
2026-07-12 17:12:38,980 [INFO] [click] Absolu: 403,546
2026-07-12 17:12:42,559 [INFO] [execute] Tentative copy 12/12...
2026-07-12 17:12:42,559 [INFO] [click] Absolu: 403,546
2026-07-12 17:12:46,138 [INFO] [execute] Tentative copy 13/12...
2026-07-12 17:12:46,138 [INFO] [click] Absolu: 403,546
2026-07-12 17:12:49,719 [INFO] [execute] Tentative copy 14/12...
2026-07-12 17:12:49,720 [INFO] [click] Absolu: 403,546
2026-07-12 17:12:53,288 [INFO] [execute] Tentative copy 15/12...
2026-07-12 17:12:53,288 [INFO] [click] Absolu: 403,546
2026-07-12 17:12:56,859 [INFO] [execute] Tentative copy 16/12...
2026-07-12 17:12:56,860 [INFO] [click] Absolu: 403,546
2026-07-12 17:13:00,413 [INFO] [execute] Tentative copy 17/12...
2026-07-12 17:13:00,414 [INFO] [click] Absolu: 403,546
2026-07-12 17:13:01,485 [INFO] [execute] Reponse (xdotool) apres 67730ms
2026-07-12 17:13:01,486 [INFO] [worker] Execution tache chatcmpl-7f3c5c9ab8644745b005ff64 sur chat_deepseek_com
2026-07-12 17:13:01,487 [INFO] [execute] page=chat_deepseek_com task=chatcmpl-7f3c5c9ab8644745b005ff64 prompt='je veux voir notre globe en 3D'
2026-07-12 17:13:01,500 [INFO] [execute] Fenetre ID: 23068732
2026-07-12 17:13:01,501 [INFO] [execute] Clic saisie: 401,528
2026-07-12 17:13:01,502 [INFO] [click] Absolu: 403,628
2026-07-12 17:13:02,217 [INFO] [execute] Collage prompt
2026-07-12 17:13:07,223 [WARNING] [subprocess] timeout: ['xclip', '-selection', 'c', '-i', '/tmp/tmph692r9w_.txt']
2026-07-12 17:13:07,324 [INFO] [type] Collage: je veux voir notre globe en 3D...
2026-07-12 17:13:07,514 [INFO] [type] Collage OK
2026-07-12 17:13:07,815 [INFO] [execute] Clic send: 1127,590
2026-07-12 17:13:07,816 [INFO] [click] Absolu: 1129,690
2026-07-12 17:13:11,040 [INFO] [execute] Tentative copy 1/12...
2026-07-12 17:13:11,053 [INFO] [click] Absolu: 403,546
2026-07-12 17:13:14,610 [INFO] [execute] Tentative copy 2/12...
2026-07-12 17:13:14,610 [INFO] [click] Absolu: 403,546
2026-07-12 17:13:15,678 [INFO] [execute] Reponse (xdotool) apres 14191ms
2026-07-12 18:16:13,973 [INFO] [worker] Execution tache chatcmpl-5be39e6982e54817ae0fe452 sur chat_deepseek_com
2026-07-12 18:16:13,974 [INFO] [execute] page=chat_deepseek_com task=chatcmpl-5be39e6982e54817ae0fe452 prompt='refait moi le html je veux que la terre soit en 3D'
2026-07-12 18:16:14,038 [INFO] [execute] Fenetre ID: 23068732
2026-07-12 18:16:14,039 [INFO] [execute] Clic saisie: 401,528
2026-07-12 18:16:14,058 [INFO] [click] Absolu: 403,628
2026-07-12 18:16:14,778 [INFO] [execute] Collage prompt
2026-07-12 18:16:19,786 [WARNING] [subprocess] timeout: ['xclip', '-selection', 'c', '-i', '/tmp/tmpdsnd2lxz.txt']
2026-07-12 18:16:19,888 [INFO] [type] Collage: refait moi le html je veux que la terre soit en 3D...
2026-07-12 18:16:20,076 [INFO] [type] Collage OK
2026-07-12 18:16:20,378 [INFO] [execute] Clic send: 1127,590
2026-07-12 18:16:20,379 [INFO] [click] Absolu: 1129,690
2026-07-12 18:16:23,591 [INFO] [execute] Tentative copy 1/12...
2026-07-12 18:16:23,592 [INFO] [click] Absolu: 403,546
2026-07-12 18:16:27,155 [INFO] [execute] Tentative copy 2/12...
2026-07-12 18:16:27,155 [INFO] [click] Absolu: 403,546
2026-07-12 18:16:30,717 [INFO] [execute] Tentative copy 3/12...
2026-07-12 18:16:30,718 [INFO] [click] Absolu: 403,546
2026-07-12 18:16:34,279 [INFO] [execute] Tentative copy 4/12...
2026-07-12 18:16:34,280 [INFO] [click] Absolu: 403,546
2026-07-12 18:16:37,837 [INFO] [execute] Tentative copy 5/12...
2026-07-12 18:16:37,837 [INFO] [click] Absolu: 403,546
2026-07-12 18:16:41,391 [INFO] [execute] Tentative copy 6/12...
2026-07-12 18:16:41,392 [INFO] [click] Absolu: 403,546
2026-07-12 18:16:44,946 [INFO] [execute] Tentative copy 7/12...
2026-07-12 18:16:44,958 [INFO] [click] Absolu: 403,546
2026-07-12 18:16:48,515 [INFO] [execute] Tentative copy 8/12...
2026-07-12 18:16:48,515 [INFO] [click] Absolu: 403,546
2026-07-12 18:16:52,078 [INFO] [execute] Tentative copy 9/12...
2026-07-12 18:16:52,078 [INFO] [click] Absolu: 403,546
2026-07-12 18:16:55,636 [INFO] [execute] Tentative copy 10/12...
2026-07-12 18:16:55,637 [INFO] [click] Absolu: 403,546
2026-07-12 18:16:59,238 [INFO] [execute] Tentative copy 11/12...
2026-07-12 18:16:59,239 [INFO] [click] Absolu: 403,546
2026-07-12 18:17:02,793 [INFO] [execute] Tentative copy 12/12...
2026-07-12 18:17:02,794 [INFO] [click] Absolu: 403,546
2026-07-12 18:17:06,361 [INFO] [execute] Tentative copy 13/12...
2026-07-12 18:17:06,361 [INFO] [click] Absolu: 403,546
2026-07-12 18:17:07,442 [INFO] [execute] Reponse (xdotool) apres 53469ms
2026-07-12 18:17:08,264 [INFO] [worker] Execution tache chatcmpl-9c29389ac07044409a8edd8a sur chat_deepseek_com
2026-07-12 18:17:08,269 [INFO] [execute] page=chat_deepseek_com task=chatcmpl-9c29389ac07044409a8edd8a prompt='[ACTIONS REUSSIES - Etape 1]\nATTENTION: Ne repete '
2026-07-12 18:17:08,304 [INFO] [execute] Fenetre ID: 23068732
2026-07-12 18:17:08,306 [INFO] [execute] Clic saisie: 401,528
2026-07-12 18:17:08,306 [INFO] [click] Absolu: 403,628
2026-07-12 18:17:09,041 [INFO] [execute] Collage prompt
2026-07-12 18:17:14,048 [WARNING] [subprocess] timeout: ['xclip', '-selection', 'c', '-i', '/tmp/tmpi1am2y3a.txt']
2026-07-12 18:17:14,149 [INFO] [type] Collage: [ACTIONS REUSSIES - Etape 1]
ATTENTION: Ne repete ...
2026-07-12 18:17:14,338 [INFO] [type] Collage OK
2026-07-12 18:17:14,638 [INFO] [execute] Clic send: 1127,590
2026-07-12 18:17:14,639 [INFO] [click] Absolu: 1129,690
2026-07-12 18:17:17,853 [INFO] [execute] Tentative copy 1/12...
2026-07-12 18:17:17,865 [INFO] [click] Absolu: 403,546
2026-07-12 18:17:21,427 [INFO] [execute] Tentative copy 2/12...
2026-07-12 18:17:21,428 [INFO] [click] Absolu: 403,546
2026-07-12 18:17:22,514 [INFO] [execute] Reponse (xdotool) apres 14245ms
2026-07-12 18:17:24,898 [INFO] [worker] Execution tache chatcmpl-c67b4cd88e8c4e60b53140db sur chat_deepseek_com
2026-07-12 18:17:24,900 [INFO] [execute] page=chat_deepseek_com task=chatcmpl-c67b4cd88e8c4e60b53140db prompt='[ACTIONS REUSSIES - Etape 2]\nATTENTION: Ne repete '
2026-07-12 18:17:24,931 [INFO] [execute] Fenetre ID: 23068732
2026-07-12 18:17:24,932 [INFO] [execute] Clic saisie: 401,528
2026-07-12 18:17:24,932 [INFO] [click] Absolu: 403,628
2026-07-12 18:17:25,663 [INFO] [execute] Collage prompt
2026-07-12 18:17:30,672 [WARNING] [subprocess] timeout: ['xclip', '-selection', 'c', '-i', '/tmp/tmpksn3b5d7.txt']
2026-07-12 18:17:30,773 [INFO] [type] Collage: [ACTIONS REUSSIES - Etape 2]
ATTENTION: Ne repete ...
2026-07-12 18:17:30,948 [INFO] [type] Collage OK
2026-07-12 18:17:31,248 [INFO] [execute] Clic send: 1127,590
2026-07-12 18:17:31,249 [INFO] [click] Absolu: 1129,690
2026-07-12 18:17:34,465 [INFO] [execute] Tentative copy 1/12...
2026-07-12 18:17:34,465 [INFO] [click] Absolu: 403,546
2026-07-12 18:17:38,389 [INFO] [execute] Tentative copy 2/12...
2026-07-12 18:17:38,390 [INFO] [click] Absolu: 403,546
2026-07-12 18:17:39,516 [INFO] [execute] Reponse (xdotool) apres 14616ms
2026-07-12 18:17:42,478 [INFO] [worker] Execution tache chatcmpl-f5df3128cfb14d25a3a25e1c sur chat_deepseek_com
2026-07-12 18:17:42,480 [INFO] [execute] page=chat_deepseek_com task=chatcmpl-f5df3128cfb14d25a3a25e1c prompt='[ACTIONS REUSSIES - Etape 3]\nATTENTION: Ne repete '
2026-07-12 18:17:42,508 [INFO] [execute] Fenetre ID: 23068732
2026-07-12 18:17:42,512 [INFO] [execute] Clic saisie: 401,528
2026-07-12 18:17:42,513 [INFO] [click] Absolu: 403,628
2026-07-12 18:17:43,241 [INFO] [execute] Collage prompt
2026-07-12 18:17:48,248 [WARNING] [subprocess] timeout: ['xclip', '-selection', 'c', '-i', '/tmp/tmpahmmv7jl.txt']
2026-07-12 18:17:48,349 [INFO] [type] Collage: [ACTIONS REUSSIES - Etape 3]
ATTENTION: Ne repete ...
2026-07-12 18:17:48,525 [INFO] [type] Collage OK
2026-07-12 18:17:48,826 [INFO] [execute] Clic send: 1127,590
2026-07-12 18:17:48,840 [INFO] [click] Absolu: 1129,690
2026-07-12 18:17:52,054 [INFO] [execute] Tentative copy 1/12...
2026-07-12 18:17:52,055 [INFO] [click] Absolu: 403,546
2026-07-12 18:17:53,110 [INFO] [execute] Reponse (xdotool) apres 10631ms
2026-07-12 18:17:55,671 [INFO] [worker] Execution tache chatcmpl-3844c56622ce4cd0b8019106 sur chat_deepseek_com
2026-07-12 18:17:55,674 [INFO] [execute] page=chat_deepseek_com task=chatcmpl-3844c56622ce4cd0b8019106 prompt='[ACTIONS REUSSIES - Etape 4]\nATTENTION: Ne repete '
2026-07-12 18:17:55,698 [INFO] [execute] Fenetre ID: 23068732
2026-07-12 18:17:55,710 [INFO] [execute] Clic saisie: 401,528
2026-07-12 18:17:55,712 [INFO] [click] Absolu: 403,628
2026-07-12 18:17:56,445 [INFO] [execute] Collage prompt
2026-07-12 18:18:01,453 [WARNING] [subprocess] timeout: ['xclip', '-selection', 'c', '-i', '/tmp/tmpg43a7r93.txt']
2026-07-12 18:18:01,553 [INFO] [type] Collage: [ACTIONS REUSSIES - Etape 4]
ATTENTION: Ne repete ...
2026-07-12 18:18:01,738 [INFO] [type] Collage OK
2026-07-12 18:18:02,039 [INFO] [execute] Clic send: 1127,590
2026-07-12 18:18:02,039 [INFO] [click] Absolu: 1129,690
2026-07-12 18:18:05,254 [INFO] [execute] Tentative copy 1/12...
2026-07-12 18:18:05,254 [INFO] [click] Absolu: 403,546
2026-07-12 18:18:06,335 [INFO] [execute] Reponse (xdotool) apres 10661ms
2026-07-12 18:18:08,876 [INFO] [worker] Execution tache chatcmpl-6df30416c4034824b3f40ebf sur chat_deepseek_com
2026-07-12 18:18:08,879 [INFO] [execute] page=chat_deepseek_com task=chatcmpl-6df30416c4034824b3f40ebf prompt='[ACTIONS REUSSIES - Etape 5]\nATTENTION: Ne repete '
2026-07-12 18:18:08,908 [INFO] [execute] Fenetre ID: 23068732
2026-07-12 18:18:08,910 [INFO] [execute] Clic saisie: 401,528
2026-07-12 18:18:08,915 [INFO] [click] Absolu: 403,628
2026-07-12 18:18:09,634 [INFO] [execute] Collage prompt
2026-07-12 18:18:14,642 [WARNING] [subprocess] timeout: ['xclip', '-selection', 'c', '-i', '/tmp/tmp2_9865zj.txt']
2026-07-12 18:18:14,742 [INFO] [type] Collage: [ACTIONS REUSSIES - Etape 5]
ATTENTION: Ne repete ...
2026-07-12 18:18:14,919 [INFO] [type] Collage OK
2026-07-12 18:18:15,220 [INFO] [execute] Clic send: 1127,590
2026-07-12 18:18:15,220 [INFO] [click] Absolu: 1129,690
2026-07-12 18:18:18,436 [INFO] [execute] Tentative copy 1/12...
2026-07-12 18:18:18,437 [INFO] [click] Absolu: 403,546
2026-07-12 18:18:19,515 [INFO] [execute] Reponse (xdotool) apres 10636ms
2026-07-12 18:18:22,265 [INFO] [worker] Execution tache chatcmpl-7539d8323cab4b0d80029e1f sur chat_deepseek_com
2026-07-12 18:18:22,268 [INFO] [execute] page=chat_deepseek_com task=chatcmpl-7539d8323cab4b0d80029e1f prompt='[ACTIONS REUSSIES - Etape 6]\nATTENTION: Ne repete '
2026-07-12 18:18:22,306 [INFO] [execute] Fenetre ID: 23068732
2026-07-12 18:18:22,308 [INFO] [execute] Clic saisie: 401,528
2026-07-12 18:18:22,335 [INFO] [click] Absolu: 403,628
2026-07-12 18:18:23,051 [INFO] [execute] Collage prompt
2026-07-12 18:18:28,058 [WARNING] [subprocess] timeout: ['xclip', '-selection', 'c', '-i', '/tmp/tmpy7mufms2.txt']
2026-07-12 18:18:28,159 [INFO] [type] Collage: [ACTIONS REUSSIES - Etape 6]
ATTENTION: Ne repete ...
2026-07-12 18:18:28,332 [INFO] [type] Collage OK
2026-07-12 18:18:28,633 [INFO] [execute] Clic send: 1127,590
2026-07-12 18:18:28,633 [INFO] [click] Absolu: 1129,690
2026-07-12 18:18:31,845 [INFO] [execute] Tentative copy 1/12...
2026-07-12 18:18:31,846 [INFO] [click] Absolu: 403,546
2026-07-12 18:18:35,486 [INFO] [execute] Tentative copy 2/12...
2026-07-12 18:18:35,487 [INFO] [click] Absolu: 403,546
2026-07-12 18:18:36,549 [INFO] [execute] Reponse (xdotool) apres 14282ms
2026-07-12 18:18:39,057 [INFO] [worker] Execution tache chatcmpl-c6d437de71c54cc29aad23ee sur chat_deepseek_com
2026-07-12 18:18:39,059 [INFO] [execute] page=chat_deepseek_com task=chatcmpl-c6d437de71c54cc29aad23ee prompt='[ACTIONS REUSSIES - Etape 7]\nATTENTION: Ne repete '
2026-07-12 18:18:39,086 [INFO] [execute] Fenetre ID: 23068732
2026-07-12 18:18:39,088 [INFO] [execute] Clic saisie: 401,528
2026-07-12 18:18:39,089 [INFO] [click] Absolu: 403,628
2026-07-12 18:18:39,820 [INFO] [execute] Collage prompt
2026-07-12 18:18:44,828 [WARNING] [subprocess] timeout: ['xclip', '-selection', 'c', '-i', '/tmp/tmpiiuy5e8u.txt']
2026-07-12 18:18:44,928 [INFO] [type] Collage: [ACTIONS REUSSIES - Etape 7]
ATTENTION: Ne repete ...
2026-07-12 18:18:45,102 [INFO] [type] Collage OK
2026-07-12 18:18:45,402 [INFO] [execute] Clic send: 1127,590
2026-07-12 18:18:45,403 [INFO] [click] Absolu: 1129,690
2026-07-12 18:18:48,618 [INFO] [execute] Tentative copy 1/12...
2026-07-12 18:18:48,618 [INFO] [click] Absolu: 403,546
2026-07-12 18:18:52,173 [INFO] [execute] Tentative copy 2/12...
2026-07-12 18:18:52,174 [INFO] [click] Absolu: 403,546
2026-07-12 18:18:55,729 [INFO] [execute] Tentative copy 3/12...
2026-07-12 18:18:55,740 [INFO] [click] Absolu: 403,546
2026-07-12 18:18:59,307 [INFO] [execute] Tentative copy 4/12...
2026-07-12 18:18:59,308 [INFO] [click] Absolu: 403,546
2026-07-12 18:19:02,862 [INFO] [execute] Tentative copy 5/12...
2026-07-12 18:19:02,862 [INFO] [click] Absolu: 403,546
2026-07-12 18:19:06,430 [INFO] [execute] Tentative copy 6/12...
2026-07-12 18:19:06,430 [INFO] [click] Absolu: 403,546
2026-07-12 18:19:07,487 [INFO] [execute] Reponse (xdotool) apres 28428ms
2026-07-12 18:19:52,090 [INFO] [worker] Execution tache chatcmpl-7f8b4cfcc013461982abdc1a sur chat_deepseek_com
2026-07-12 18:19:52,095 [INFO] [execute] page=chat_deepseek_com task=chatcmpl-7f8b4cfcc013461982abdc1a prompt='je veux pouvoir bouger cette terre'
2026-07-12 18:19:52,124 [INFO] [execute] Fenetre ID: 23068732
2026-07-12 18:19:52,125 [INFO] [execute] Clic saisie: 401,528
2026-07-12 18:19:52,151 [INFO] [click] Absolu: 403,628
2026-07-12 18:19:52,872 [INFO] [execute] Collage prompt
2026-07-12 18:19:57,880 [WARNING] [subprocess] timeout: ['xclip', '-selection', 'c', '-i', '/tmp/tmptrld2oao.txt']
2026-07-12 18:19:57,982 [INFO] [type] Collage: je veux pouvoir bouger cette terre...
2026-07-12 18:19:58,176 [INFO] [type] Collage OK
2026-07-12 18:19:58,478 [INFO] [execute] Clic send: 1127,590
2026-07-12 18:19:58,478 [INFO] [click] Absolu: 1129,690
2026-07-12 18:20:01,705 [INFO] [execute] Tentative copy 1/12...
2026-07-12 18:20:01,705 [INFO] [click] Absolu: 403,546
2026-07-12 18:20:05,266 [INFO] [execute] Tentative copy 2/12...
2026-07-12 18:20:05,266 [INFO] [click] Absolu: 403,546
2026-07-12 18:20:06,327 [INFO] [execute] Reponse (xdotool) apres 14231ms
2026-07-12 18:20:07,006 [INFO] [worker] Execution tache chatcmpl-6c6f76bbe7bf4175a998f46f sur chat_deepseek_com
2026-07-12 18:20:07,008 [INFO] [execute] page=chat_deepseek_com task=chatcmpl-6c6f76bbe7bf4175a998f46f prompt='[ACTIONS REUSSIES - Etape 1]\nATTENTION: Ne repete '
2026-07-12 18:20:07,042 [INFO] [execute] Fenetre ID: 23068732
2026-07-12 18:20:07,045 [INFO] [execute] Clic saisie: 401,528
2026-07-12 18:20:07,047 [INFO] [click] Absolu: 403,628
2026-07-12 18:20:07,780 [INFO] [execute] Collage prompt
2026-07-12 18:20:12,789 [WARNING] [subprocess] timeout: ['xclip', '-selection', 'c', '-i', '/tmp/tmpu54uj606.txt']
2026-07-12 18:20:12,891 [INFO] [type] Collage: [ACTIONS REUSSIES - Etape 1]
ATTENTION: Ne repete ...
2026-07-12 18:20:13,085 [INFO] [type] Collage OK
2026-07-12 18:20:13,385 [INFO] [execute] Clic send: 1127,590
2026-07-12 18:20:13,386 [INFO] [click] Absolu: 1129,690
2026-07-12 18:20:16,602 [INFO] [execute] Tentative copy 1/12...
2026-07-12 18:20:16,603 [INFO] [click] Absolu: 403,546
2026-07-12 18:20:20,168 [INFO] [execute] Tentative copy 2/12...
2026-07-12 18:20:20,168 [INFO] [click] Absolu: 403,546
2026-07-12 18:20:21,245 [INFO] [execute] Reponse (xdotool) apres 14237ms
2026-07-12 18:20:21,935 [INFO] [worker] Execution tache chatcmpl-f3c250649d4d4357a8da5f46 sur chat_deepseek_com
2026-07-12 18:20:21,936 [INFO] [execute] page=chat_deepseek_com task=chatcmpl-f3c250649d4d4357a8da5f46 prompt='[ACTIONS REUSSIES - Etape 2]\nATTENTION: Ne repete '
2026-07-12 18:20:21,974 [INFO] [execute] Fenetre ID: 23068732
2026-07-12 18:20:21,975 [INFO] [execute] Clic saisie: 401,528
2026-07-12 18:20:21,976 [INFO] [click] Absolu: 403,628
2026-07-12 18:20:22,719 [INFO] [execute] Collage prompt
2026-07-12 18:20:27,725 [WARNING] [subprocess] timeout: ['xclip', '-selection', 'c', '-i', '/tmp/tmph5n1dmcy.txt']
2026-07-12 18:20:27,826 [INFO] [type] Collage: [ACTIONS REUSSIES - Etape 2]
ATTENTION: Ne repete ...
2026-07-12 18:20:28,014 [INFO] [type] Collage OK
2026-07-12 18:20:28,315 [INFO] [execute] Clic send: 1127,590
2026-07-12 18:20:28,328 [INFO] [click] Absolu: 1129,690
2026-07-12 18:20:31,544 [INFO] [execute] Tentative copy 1/12...
2026-07-12 18:20:31,544 [INFO] [click] Absolu: 403,546
2026-07-12 18:20:35,105 [INFO] [execute] Tentative copy 2/12...
2026-07-12 18:20:35,106 [INFO] [click] Absolu: 403,546
2026-07-12 18:20:36,186 [INFO] [execute] Reponse (xdotool) apres 14250ms
2026-07-12 18:20:38,699 [INFO] [worker] Execution tache chatcmpl-b0628aa22ea540959b4ce891 sur chat_deepseek_com
2026-07-12 18:20:38,703 [INFO] [execute] page=chat_deepseek_com task=chatcmpl-b0628aa22ea540959b4ce891 prompt='[ACTIONS REUSSIES - Etape 3]\nATTENTION: Ne repete '
2026-07-12 18:20:38,738 [INFO] [execute] Fenetre ID: 23068732
2026-07-12 18:20:38,738 [INFO] [execute] Clic saisie: 401,528
2026-07-12 18:20:38,739 [INFO] [click] Absolu: 403,628
2026-07-12 18:20:39,470 [INFO] [execute] Collage prompt
2026-07-12 18:20:44,477 [WARNING] [subprocess] timeout: ['xclip', '-selection', 'c', '-i', '/tmp/tmpvq6ix2in.txt']
2026-07-12 18:20:44,577 [INFO] [type] Collage: [ACTIONS REUSSIES - Etape 3]
ATTENTION: Ne repete ...
2026-07-12 18:20:44,755 [INFO] [type] Collage OK
2026-07-12 18:20:45,055 [INFO] [execute] Clic send: 1127,590
2026-07-12 18:20:45,056 [INFO] [click] Absolu: 1129,690
2026-07-12 18:20:48,270 [INFO] [execute] Tentative copy 1/12...
2026-07-12 18:20:48,271 [INFO] [click] Absolu: 403,546
2026-07-12 18:20:51,839 [INFO] [execute] Tentative copy 2/12...
2026-07-12 18:20:51,839 [INFO] [click] Absolu: 403,546
2026-07-12 18:20:53,012 [INFO] [execute] Reponse (xdotool) apres 14308ms
2026-07-12 18:20:55,503 [INFO] [worker] Execution tache chatcmpl-31e67bbd583e4194951d9328 sur chat_deepseek_com
2026-07-12 18:20:55,506 [INFO] [execute] page=chat_deepseek_com task=chatcmpl-31e67bbd583e4194951d9328 prompt='[ACTIONS REUSSIES - Etape 4]\nATTENTION: Ne repete '
2026-07-12 18:20:55,533 [INFO] [execute] Fenetre ID: 23068732
2026-07-12 18:20:55,535 [INFO] [execute] Clic saisie: 401,528
2026-07-12 18:20:55,536 [INFO] [click] Absolu: 403,628
2026-07-12 18:20:56,269 [INFO] [execute] Collage prompt
2026-07-12 18:21:01,276 [WARNING] [subprocess] timeout: ['xclip', '-selection', 'c', '-i', '/tmp/tmpirbk02mr.txt']
2026-07-12 18:21:01,376 [INFO] [type] Collage: [ACTIONS REUSSIES - Etape 4]
ATTENTION: Ne repete ...
2026-07-12 18:21:01,550 [INFO] [type] Collage OK
2026-07-12 18:21:01,850 [INFO] [execute] Clic send: 1127,590
2026-07-12 18:21:01,862 [INFO] [click] Absolu: 1129,690
2026-07-12 18:21:05,078 [INFO] [execute] Tentative copy 1/12...
2026-07-12 18:21:05,078 [INFO] [click] Absolu: 403,546
2026-07-12 18:21:08,635 [INFO] [execute] Tentative copy 2/12...
2026-07-12 18:21:08,635 [INFO] [click] Absolu: 403,546
2026-07-12 18:21:12,207 [INFO] [execute] Tentative copy 3/12...
2026-07-12 18:21:12,207 [INFO] [click] Absolu: 403,546
2026-07-12 18:21:15,929 [INFO] [execute] Tentative copy 4/12...
2026-07-12 18:21:15,929 [INFO] [click] Absolu: 403,546
2026-07-12 18:21:19,499 [INFO] [execute] Tentative copy 5/12...
2026-07-12 18:21:19,499 [INFO] [click] Absolu: 403,546
2026-07-12 18:21:23,051 [INFO] [execute] Tentative copy 6/12...
2026-07-12 18:21:23,051 [INFO] [click] Absolu: 403,546
2026-07-12 18:21:26,603 [INFO] [execute] Tentative copy 7/12...
2026-07-12 18:21:26,604 [INFO] [click] Absolu: 403,546
2026-07-12 18:21:27,661 [INFO] [execute] Reponse (xdotool) apres 32154ms
2026-07-12 18:23:10,451 [INFO] [worker] Execution tache chatcmpl-7054385bc89847b084cee89e sur chat_deepseek_com
2026-07-12 18:23:10,454 [INFO] [execute] page=chat_deepseek_com task=chatcmpl-7054385bc89847b084cee89e prompt='uplode le pour que je puisse le telecharger'
2026-07-12 18:23:10,481 [INFO] [execute] Fenetre ID: 23068732
2026-07-12 18:23:10,482 [INFO] [execute] Clic saisie: 401,528
2026-07-12 18:23:10,518 [INFO] [click] Absolu: 403,628
2026-07-12 18:23:11,240 [INFO] [execute] Collage prompt
2026-07-12 18:23:16,247 [WARNING] [subprocess] timeout: ['xclip', '-selection', 'c', '-i', '/tmp/tmpukt0_stz.txt']
2026-07-12 18:23:16,347 [INFO] [type] Collage: uplode le pour que je puisse le telecharger...
2026-07-12 18:23:16,524 [INFO] [type] Collage OK
2026-07-12 18:23:16,824 [INFO] [execute] Clic send: 1127,590
2026-07-12 18:23:16,825 [INFO] [click] Absolu: 1129,690
2026-07-12 18:23:20,044 [INFO] [execute] Tentative copy 1/12...
2026-07-12 18:23:20,044 [INFO] [click] Absolu: 403,546
2026-07-12 18:23:23,606 [INFO] [execute] Tentative copy 2/12...
2026-07-12 18:23:23,607 [INFO] [click] Absolu: 403,546
2026-07-12 18:23:24,665 [INFO] [execute] Reponse (xdotool) apres 14211ms
2026-07-12 18:24:12,527 [INFO] [worker] Execution tache chatcmpl-8c3536ff6b03433e89d6911d sur chat_deepseek_com
2026-07-12 18:24:12,530 [INFO] [execute] page=chat_deepseek_com task=chatcmpl-8c3536ff6b03433e89d6911d prompt='[ACTIONS REUSSIES - Etape 1]\nATTENTION: Ne repete '
2026-07-12 18:24:12,558 [INFO] [execute] Fenetre ID: 23068732
2026-07-12 18:24:12,558 [INFO] [execute] Clic saisie: 401,528
2026-07-12 18:24:12,587 [INFO] [click] Absolu: 403,628
2026-07-12 18:24:13,306 [INFO] [execute] Collage prompt
2026-07-12 18:24:18,311 [WARNING] [subprocess] timeout: ['xclip', '-selection', 'c', '-i', '/tmp/tmpwrbkpobs.txt']
2026-07-12 18:24:18,413 [INFO] [type] Collage: [ACTIONS REUSSIES - Etape 1]
ATTENTION: Ne repete ...
2026-07-12 18:24:18,611 [INFO] [type] Collage OK
2026-07-12 18:24:18,913 [INFO] [execute] Clic send: 1127,590
2026-07-12 18:24:18,913 [INFO] [click] Absolu: 1129,690
2026-07-12 18:24:22,128 [INFO] [execute] Tentative copy 1/12...
2026-07-12 18:24:22,128 [INFO] [click] Absolu: 403,546
2026-07-12 18:24:25,680 [INFO] [execute] Tentative copy 2/12...
2026-07-12 18:24:25,681 [INFO] [click] Absolu: 403,546
2026-07-12 18:24:26,789 [INFO] [execute] Reponse (xdotool) apres 14259ms
2026-07-12 18:24:43,453 [INFO] [worker] Execution tache chatcmpl-2b6a0f336a2340cd9e319750 sur chat_deepseek_com
2026-07-12 18:24:43,453 [INFO] [execute] page=chat_deepseek_com task=chatcmpl-2b6a0f336a2340cd9e319750 prompt="uoload le catmebox et envoi moi l'url"
2026-07-12 18:24:43,481 [INFO] [execute] Fenetre ID: 23068732
2026-07-12 18:24:43,482 [INFO] [execute] Clic saisie: 401,528
2026-07-12 18:24:43,519 [INFO] [click] Absolu: 403,628
2026-07-12 18:24:44,248 [INFO] [execute] Collage prompt
2026-07-12 18:24:49,256 [WARNING] [subprocess] timeout: ['xclip', '-selection', 'c', '-i', '/tmp/tmpo9ezb9l8.txt']
2026-07-12 18:24:49,357 [INFO] [type] Collage: uoload le catmebox et envoi moi l'url...
2026-07-12 18:24:49,547 [INFO] [type] Collage OK
2026-07-12 18:24:49,849 [INFO] [execute] Clic send: 1127,590
2026-07-12 18:24:49,849 [INFO] [click] Absolu: 1129,690
2026-07-12 18:24:53,064 [INFO] [execute] Tentative copy 1/12...
2026-07-12 18:24:53,064 [INFO] [click] Absolu: 403,546
2026-07-12 18:24:56,626 [INFO] [execute] Tentative copy 2/12...
2026-07-12 18:24:56,627 [INFO] [click] Absolu: 403,546
2026-07-12 18:24:57,687 [INFO] [execute] Reponse (xdotool) apres 14234ms
2026-07-12 18:25:00,406 [INFO] [worker] Execution tache chatcmpl-ac97643c632f42ae979eefa8 sur chat_deepseek_com
2026-07-12 18:25:00,409 [INFO] [execute] page=chat_deepseek_com task=chatcmpl-ac97643c632f42ae979eefa8 prompt='[ACTIONS REUSSIES - Etape 1]\nATTENTION: Ne repete '
2026-07-12 18:25:00,444 [INFO] [execute] Fenetre ID: 23068732
2026-07-12 18:25:00,445 [INFO] [execute] Clic saisie: 401,528
2026-07-12 18:25:00,449 [INFO] [click] Absolu: 403,628
2026-07-12 18:25:01,174 [INFO] [execute] Collage prompt
2026-07-12 18:25:06,181 [WARNING] [subprocess] timeout: ['xclip', '-selection', 'c', '-i', '/tmp/tmpu8au118e.txt']
2026-07-12 18:25:06,283 [INFO] [type] Collage: [ACTIONS REUSSIES - Etape 1]
ATTENTION: Ne repete ...
2026-07-12 18:25:06,472 [INFO] [type] Collage OK
2026-07-12 18:25:06,773 [INFO] [execute] Clic send: 1127,590
2026-07-12 18:25:06,774 [INFO] [click] Absolu: 1129,690
2026-07-12 18:25:09,995 [INFO] [execute] Tentative copy 1/12...
2026-07-12 18:25:09,995 [INFO] [click] Absolu: 403,546
2026-07-12 18:25:13,557 [INFO] [execute] Tentative copy 2/12...
2026-07-12 18:25:13,576 [INFO] [click] Absolu: 403,546
2026-07-12 18:25:14,671 [INFO] [execute] Reponse (xdotool) apres 14262ms
2026-07-12 18:25:15,372 [INFO] [worker] Execution tache chatcmpl-3a4b320976b144ed95245bef sur chat_deepseek_com
2026-07-12 18:25:15,375 [INFO] [execute] page=chat_deepseek_com task=chatcmpl-3a4b320976b144ed95245bef prompt='[ACTIONS REUSSIES - Etape 2]\nATTENTION: Ne repete '
2026-07-12 18:25:15,408 [INFO] [execute] Fenetre ID: 23068732
2026-07-12 18:25:15,408 [INFO] [execute] Clic saisie: 401,528
2026-07-12 18:25:15,408 [INFO] [click] Absolu: 403,628
2026-07-12 18:25:16,132 [INFO] [execute] Collage prompt
2026-07-12 18:25:21,141 [WARNING] [subprocess] timeout: ['xclip', '-selection', 'c', '-i', '/tmp/tmppb5rtin8.txt']
2026-07-12 18:25:21,243 [INFO] [type] Collage: [ACTIONS REUSSIES - Etape 2]
ATTENTION: Ne repete ...
2026-07-12 18:25:21,433 [INFO] [type] Collage OK
2026-07-12 18:25:21,734 [INFO] [execute] Clic send: 1127,590
2026-07-12 18:25:21,735 [INFO] [click] Absolu: 1129,690
2026-07-12 18:25:24,950 [INFO] [execute] Tentative copy 1/12...
2026-07-12 18:25:24,950 [INFO] [click] Absolu: 403,546
2026-07-12 18:25:28,529 [INFO] [execute] Tentative copy 2/12...
2026-07-12 18:25:28,529 [INFO] [click] Absolu: 403,546
2026-07-12 18:25:29,597 [INFO] [execute] Reponse (xdotool) apres 14221ms
2026-07-12 18:36:17,140 [INFO] [register_page] Config sauvegardee pour chat_deepseek_com: {'input_click': [401, 528], 'send_click': [1127, 590], 'copy_zone': [401, 446], 'wait_time': 8}
2026-07-12 18:36:17,144 [INFO] [save_configs] 3 configs sauvegardees
2026-07-13 16:17:13,434 [INFO] [load_configs] 3 configs chargees: ['chat_deepseek_com', 'www_kimi_com', 'chat_qwen_ai']
2026-07-13 16:17:13,538 [INFO] NEMESIS demarre sur i686 (32-bit, Python 3.13.5) (mem: 1159/1978 MB)
2026-07-13 16:31:05,277 [INFO] [window] Fenetre trouvee:  (ID: 25167034)
2026-07-13 16:31:14,726 [INFO] [window] Fenetre trouvee: DeepSeek - Into the Unknown — Mozilla Firefox (ID: 25165884)
2026-07-13 16:31:37,652 [INFO] [register_page] Config sauvegardee pour chat_deepseek_com: {'input_click': [402, 526], 'send_click': [1129, 589], 'copy_zone': [401, 449], 'wait_time': 8}
2026-07-13 16:31:37,660 [INFO] [save_configs] 3 configs sauvegardees
2026-07-13 16:33:23,827 [INFO] [worker] Demarrage pour chat_deepseek_com
2026-07-13 16:33:23,827 [INFO] [ensure_worker] Worker cree pour chat_deepseek_com
2026-07-13 16:33:23,828 [INFO] [worker] Execution tache chatcmpl-2f37fc9b961e44e4ace43f7b sur chat_deepseek_com
2026-07-13 16:33:23,829 [INFO] [execute] page=chat_deepseek_com task=chatcmpl-2f37fc9b961e44e4ace43f7b prompt='voici ta mission tu vas analyser mon pc en moindre'
2026-07-13 16:33:23,836 [INFO] [execute] Fenetre ID: 25165884
2026-07-13 16:33:23,837 [INFO] [execute] Clic saisie: 402,526
2026-07-13 16:33:23,845 [INFO] [click] Absolu: 402,626
2026-07-13 16:33:24,569 [INFO] [execute] Collage prompt
2026-07-13 16:33:29,577 [WARNING] [subprocess] timeout: ['xclip', '-selection', 'c', '-i', '/tmp/tmp0asbqws9.txt']
2026-07-13 16:33:29,678 [INFO] [type] Collage: voici ta mission tu vas analyser mon pc en moindre...
2026-07-13 16:33:29,864 [INFO] [type] Collage OK
2026-07-13 16:33:30,165 [INFO] [execute] Clic send: 1129,589
2026-07-13 16:33:30,165 [INFO] [click] Absolu: 1129,689
2026-07-13 16:33:33,377 [INFO] [execute] Tentative copy 1/12...
2026-07-13 16:33:33,378 [INFO] [click] Absolu: 401,549
2026-07-13 16:33:36,931 [INFO] [execute] Tentative copy 2/12...
2026-07-13 16:33:36,932 [INFO] [click] Absolu: 401,549
2026-07-13 16:33:40,485 [INFO] [execute] Tentative copy 3/12...
2026-07-13 16:33:40,485 [INFO] [click] Absolu: 401,549
2026-07-13 16:33:44,076 [INFO] [execute] Tentative copy 4/12...
2026-07-13 16:33:44,077 [INFO] [click] Absolu: 401,549
2026-07-13 16:33:47,651 [INFO] [execute] Tentative copy 5/12...
2026-07-13 16:33:47,652 [INFO] [click] Absolu: 401,549
2026-07-13 16:33:51,230 [INFO] [execute] Tentative copy 6/12...
2026-07-13 16:33:51,231 [INFO] [click] Absolu: 401,549
2026-07-13 16:33:54,810 [INFO] [execute] Tentative copy 7/12...
2026-07-13 16:33:54,836 [INFO] [click] Absolu: 401,549
2026-07-13 16:33:58,414 [INFO] [execute] Tentative copy 8/12...
2026-07-13 16:33:58,414 [INFO] [click] Absolu: 401,549
2026-07-13 16:34:02,008 [INFO] [execute] Tentative copy 9/12...
2026-07-13 16:34:02,009 [INFO] [click] Absolu: 401,549
2026-07-13 16:34:05,588 [INFO] [execute] Tentative copy 10/12...
2026-07-13 16:34:05,589 [INFO] [click] Absolu: 401,549
2026-07-13 16:34:09,166 [INFO] [execute] Tentative copy 11/12...
2026-07-13 16:34:09,167 [INFO] [click] Absolu: 401,549
2026-07-13 16:34:12,732 [INFO] [execute] Tentative copy 12/12...
2026-07-13 16:34:12,733 [INFO] [click] Absolu: 401,549
2026-07-13 16:34:16,316 [INFO] [execute] Tentative copy 13/12...
2026-07-13 16:34:16,317 [INFO] [click] Absolu: 401,549
2026-07-13 16:34:19,891 [INFO] [execute] Tentative copy 14/12...
2026-07-13 16:34:19,891 [INFO] [click] Absolu: 401,549
2026-07-13 16:34:23,496 [INFO] [execute] Tentative copy 15/12...
2026-07-13 16:34:23,496 [INFO] [click] Absolu: 401,549
2026-07-13 16:34:27,087 [INFO] [execute] Tentative copy 16/12...
2026-07-13 16:34:27,100 [INFO] [click] Absolu: 401,549
2026-07-13 16:34:30,686 [INFO] [execute] Tentative copy 17/12...
2026-07-13 16:34:30,686 [INFO] [click] Absolu: 401,549
2026-07-13 16:34:31,765 [INFO] [execute] Reponse (xdotool) apres 67936ms
2026-07-13 16:34:31,767 [INFO] [worker] Execution tache chatcmpl-c4d2520ffb684279abb579de sur chat_deepseek_com
2026-07-13 16:34:31,767 [INFO] [execute] page=chat_deepseek_com task=chatcmpl-c4d2520ffb684279abb579de prompt='voici ta mission tu vas analyser mon pc en moindre'
2026-07-13 16:34:31,780 [INFO] [execute] Fenetre ID: 25165884
2026-07-13 16:34:31,781 [INFO] [execute] Clic saisie: 402,526
2026-07-13 16:34:31,781 [INFO] [click] Absolu: 402,626
2026-07-13 16:34:32,498 [INFO] [execute] Collage prompt
2026-07-13 16:35:08,529 [INFO] [load_configs] 3 configs chargees: ['chat_deepseek_com', 'www_kimi_com', 'chat_qwen_ai']
2026-07-13 16:35:08,591 [INFO] NEMESIS demarre sur i686 (32-bit, Python 3.13.5) (mem: 945/1978 MB)
2026-07-13 16:35:10,098 [INFO] [window] Fenetre trouvee: AstarteBAMv6 - DeepSeek — Mozilla Firefox (ID: 25165884)
2026-07-13 16:35:12,497 [INFO] [worker] Demarrage pour chat_deepseek_com
2026-07-13 16:35:12,498 [INFO] [ensure_worker] Worker cree pour chat_deepseek_com
2026-07-13 16:35:12,498 [INFO] [worker] Execution tache chatcmpl-1a5aa50fd4c24c6fbeb19de6 sur chat_deepseek_com
2026-07-13 16:35:12,498 [INFO] [execute] page=chat_deepseek_com task=chatcmpl-1a5aa50fd4c24c6fbeb19de6 prompt='voici ta mission tu vas analyser mon pc en moindre'
2026-07-13 16:35:12,530 [INFO] [execute] Fenetre ID: 25165884
2026-07-13 16:35:12,531 [INFO] [execute] Clic saisie: 402,526
2026-07-13 16:35:12,557 [INFO] [click] Absolu: 402,626
2026-07-13 16:35:13,307 [INFO] [execute] Collage prompt
2026-07-13 16:35:18,314 [WARNING] [subprocess] timeout: ['xclip', '-selection', 'c', '-i', '/tmp/tmpcik1_91n.txt']
2026-07-13 16:35:18,415 [INFO] [type] Collage: voici ta mission tu vas analyser mon pc en moindre...
2026-07-13 16:35:18,599 [INFO] [type] Collage OK
2026-07-13 16:35:18,900 [INFO] [execute] Clic send: 1129,589
2026-07-13 16:35:18,900 [INFO] [click] Absolu: 1129,689
2026-07-13 16:35:22,114 [INFO] [execute] Tentative copy 1/12...
2026-07-13 16:35:22,114 [INFO] [click] Absolu: 401,549
2026-07-13 16:35:25,666 [INFO] [execute] Tentative copy 2/12...
2026-07-13 16:35:25,666 [INFO] [click] Absolu: 401,549
2026-07-13 16:35:29,221 [INFO] [execute] Tentative copy 3/12...
2026-07-13 16:35:29,221 [INFO] [click] Absolu: 401,549
2026-07-13 16:35:32,789 [INFO] [execute] Tentative copy 4/12...
2026-07-13 16:35:32,789 [INFO] [click] Absolu: 401,549
2026-07-13 16:35:36,346 [INFO] [execute] Tentative copy 5/12...
2026-07-13 16:35:36,346 [INFO] [click] Absolu: 401,549
2026-07-13 16:35:39,913 [INFO] [execute] Tentative copy 6/12...
2026-07-13 16:35:39,913 [INFO] [click] Absolu: 401,549
2026-07-13 16:35:43,122 [INFO] [register_page] Config sauvegardee pour chat_deepseek_com: {'input_click': [402, 526], 'send_click': [1129, 589], 'copy_zone': [401, 440], 'wait_time': 8}
2026-07-13 16:35:43,128 [INFO] [save_configs] 3 configs sauvegardees
2026-07-13 16:35:43,369 [INFO] [register_page] Config sauvegardee pour chat_deepseek_com: {'input_click': [402, 526], 'send_click': [1129, 589], 'copy_zone': [401, 440], 'wait_time': 8}
2026-07-13 16:35:43,371 [INFO] [save_configs] 3 configs sauvegardees
2026-07-13 16:35:43,535 [INFO] [execute] Tentative copy 7/12...
2026-07-13 16:35:43,547 [INFO] [click] Absolu: 401,549
2026-07-13 16:35:43,851 [INFO] [register_page] Config sauvegardee pour chat_deepseek_com: {'input_click': [402, 526], 'send_click': [1129, 589], 'copy_zone': [401, 440], 'wait_time': 8}
2026-07-13 16:35:43,855 [INFO] [save_configs] 3 configs sauvegardees
2026-07-13 16:35:44,025 [INFO] [register_page] Config sauvegardee pour chat_deepseek_com: {'input_click': [402, 526], 'send_click': [1129, 589], 'copy_zone': [401, 440], 'wait_time': 8}
2026-07-13 16:35:44,027 [INFO] [save_configs] 3 configs sauvegardees
2026-07-13 16:35:47,109 [INFO] [execute] Tentative copy 8/12...
2026-07-13 16:35:47,110 [INFO] [click] Absolu: 401,549
2026-07-13 16:35:50,678 [INFO] [execute] Tentative copy 9/12...
2026-07-13 16:35:50,679 [INFO] [click] Absolu: 401,549
2026-07-13 16:35:54,257 [INFO] [execute] Tentative copy 10/12...
2026-07-13 16:35:54,259 [INFO] [click] Absolu: 401,549
2026-07-13 16:36:02,275 [INFO] [load_configs] 3 configs chargees: ['chat_deepseek_com', 'www_kimi_com', 'chat_qwen_ai']
2026-07-13 16:36:02,377 [INFO] NEMESIS demarre sur i686 (32-bit, Python 3.13.5) (mem: 895/1978 MB)
2026-07-13 16:36:04,375 [INFO] [window] Fenetre trouvee: AstarteBAMv6 - DeepSeek — Mozilla Firefox (ID: 25165884)
2026-07-13 16:36:05,140 [INFO] [worker] Demarrage pour chat_deepseek_com
2026-07-13 16:36:05,140 [INFO] [ensure_worker] Worker cree pour chat_deepseek_com
2026-07-13 16:36:05,141 [INFO] [worker] Execution tache chatcmpl-14f507f497c84d0cb4d11895 sur chat_deepseek_com
2026-07-13 16:36:05,143 [INFO] [execute] page=chat_deepseek_com task=chatcmpl-14f507f497c84d0cb4d11895 prompt='voici ta mission tu vas analyser mon pc en moindre'
2026-07-13 16:36:05,165 [INFO] [execute] Fenetre ID: 25165884
2026-07-13 16:36:05,165 [INFO] [execute] Clic saisie: 402,526
2026-07-13 16:36:05,190 [INFO] [click] Absolu: 402,626
2026-07-13 16:36:05,907 [INFO] [execute] Collage prompt
2026-07-13 16:36:10,918 [WARNING] [subprocess] timeout: ['xclip', '-selection', 'c', '-i', '/tmp/tmphn9pmnjx.txt']
2026-07-13 16:36:11,019 [INFO] [type] Collage: voici ta mission tu vas analyser mon pc en moindre...
2026-07-13 16:36:11,257 [INFO] [type] Collage OK
2026-07-13 16:36:11,557 [INFO] [execute] Clic send: 1129,589
2026-07-13 16:36:11,558 [INFO] [click] Absolu: 1129,689
2026-07-13 16:36:14,771 [INFO] [execute] Tentative copy 1/12...
2026-07-13 16:36:14,772 [INFO] [click] Absolu: 401,540
2026-07-13 16:36:18,348 [INFO] [execute] Tentative copy 2/12...
2026-07-13 16:36:18,349 [INFO] [click] Absolu: 401,540
2026-07-13 16:36:21,918 [INFO] [execute] Tentative copy 3/12...
2026-07-13 16:36:21,919 [INFO] [click] Absolu: 401,540
2026-07-13 16:36:23,053 [INFO] [execute] Reponse (xdotool) apres 17910ms
2026-07-13 16:36:45,706 [INFO] [register_page] Config sauvegardee pour chat_deepseek_com: {'input_click': [402, 526], 'send_click': [1129, 589], 'copy_zone': [401, 440], 'wait_time': 8}
2026-07-13 16:36:45,710 [INFO] [save_configs] 3 configs sauvegardees
2026-07-13 16:36:46,000 [INFO] [worker] Execution tache manual_test_1783960605855 sur chat_deepseek_com
2026-07-13 16:36:46,002 [INFO] [execute] page=chat_deepseek_com task=manual_test_1783960605855 prompt='Salut, réponds en une phrase courte.'
2026-07-13 16:36:46,034 [INFO] [execute] Fenetre ID: 25165884
2026-07-13 16:36:46,035 [INFO] [execute] Clic saisie: 402,526
2026-07-13 16:36:46,058 [INFO] [click] Absolu: 402,626
2026-07-13 16:36:46,768 [INFO] [execute] Collage prompt
2026-07-13 16:36:51,776 [WARNING] [subprocess] timeout: ['xclip', '-selection', 'c', '-i', '/tmp/tmprjuyg8uc.txt']
2026-07-13 16:36:51,877 [INFO] [type] Collage: Salut, réponds en une phrase courte....
2026-07-13 16:36:52,063 [INFO] [type] Collage OK
2026-07-13 16:36:52,363 [INFO] [execute] Clic send: 1129,589
2026-07-13 16:36:52,364 [INFO] [click] Absolu: 1129,689
2026-07-13 16:36:55,577 [INFO] [execute] Tentative copy 1/12...
2026-07-13 16:36:55,578 [INFO] [click] Absolu: 401,540
2026-07-13 16:36:59,132 [INFO] [execute] Tentative copy 2/12...
2026-07-13 16:36:59,133 [INFO] [click] Absolu: 401,540
2026-07-13 16:37:00,190 [INFO] [execute] Reponse (xdotool) apres 14188ms
2026-07-13 16:37:31,320 [INFO] [register_page] Config sauvegardee pour chat_deepseek_com: {'input_click': [402, 526], 'send_click': [1129, 589], 'copy_zone': [401, 440], 'wait_time': 8}
2026-07-13 16:37:31,324 [INFO] [save_configs] 3 configs sauvegardees
2026-07-13 16:38:07,188 [INFO] [worker] Execution tache chatcmpl-09d46140715948d1b10cc0d2 sur chat_deepseek_com
2026-07-13 16:38:07,191 [INFO] [execute] page=chat_deepseek_com task=chatcmpl-09d46140715948d1b10cc0d2 prompt='voici ta mission tu vas analyser mon pc en moindre'
2026-07-13 16:38:07,223 [INFO] [execute] Fenetre ID: 25165884
2026-07-13 16:38:07,223 [INFO] [execute] Clic saisie: 402,526
2026-07-13 16:38:07,258 [INFO] [click] Absolu: 402,626
2026-07-13 16:38:07,986 [INFO] [execute] Collage prompt
2026-07-13 16:38:12,990 [WARNING] [subprocess] timeout: ['xclip', '-selection', 'c', '-i', '/tmp/tmppmn36z53.txt']
2026-07-13 16:38:13,092 [INFO] [type] Collage: voici ta mission tu vas analyser mon pc en moindre...
2026-07-13 16:38:13,285 [INFO] [type] Collage OK
2026-07-13 16:38:13,587 [INFO] [execute] Clic send: 1129,589
2026-07-13 16:38:13,587 [INFO] [click] Absolu: 1129,689
2026-07-13 16:38:16,802 [INFO] [execute] Tentative copy 1/12...
2026-07-13 16:38:16,802 [INFO] [click] Absolu: 401,540
2026-07-13 16:38:20,359 [INFO] [execute] Tentative copy 2/12...
2026-07-13 16:38:20,360 [INFO] [click] Absolu: 401,540
2026-07-13 16:38:23,917 [INFO] [execute] Tentative copy 3/12...
2026-07-13 16:38:23,917 [INFO] [click] Absolu: 401,540
2026-07-13 16:38:24,986 [INFO] [execute] Reponse (xdotool) apres 17795ms
2026-07-13 16:38:27,156 [INFO] [worker] Execution tache chatcmpl-03dc5446c4624fb5b1e61d25 sur chat_deepseek_com
2026-07-13 16:38:27,159 [INFO] [execute] page=chat_deepseek_com task=chatcmpl-03dc5446c4624fb5b1e61d25 prompt='[ACTIONS REUSSIES - Etape 1]\nATTENTION: Ne repete '
2026-07-13 16:38:27,188 [INFO] [execute] Fenetre ID: 25165884
2026-07-13 16:38:27,188 [INFO] [execute] Clic saisie: 402,526
2026-07-13 16:38:27,188 [INFO] [click] Absolu: 402,626
2026-07-13 16:38:27,912 [INFO] [execute] Collage prompt
2026-07-13 16:38:32,921 [WARNING] [subprocess] timeout: ['xclip', '-selection', 'c', '-i', '/tmp/tmpxw6aixmh.txt']
2026-07-13 16:38:33,022 [INFO] [type] Collage: [ACTIONS REUSSIES - Etape 1]
ATTENTION: Ne repete ...
2026-07-13 16:38:33,211 [INFO] [type] Collage OK
2026-07-13 16:38:33,514 [INFO] [execute] Clic send: 1129,589
2026-07-13 16:38:33,515 [INFO] [click] Absolu: 1129,689
2026-07-13 16:38:36,740 [INFO] [execute] Tentative copy 1/12...
2026-07-13 16:38:36,740 [INFO] [click] Absolu: 401,540
2026-07-13 16:38:37,818 [INFO] [execute] Reponse (xdotool) apres 10659ms
2026-07-16 12:06:20,116 [INFO] [load_configs] 3 configs chargees: ['chat_deepseek_com', 'www_kimi_com', 'chat_qwen_ai']
2026-07-16 12:06:20,224 [INFO] NEMESIS demarre sur i686 (32-bit, Python 3.13.5) (mem: 1277/1978 MB)
2026-07-16 12:06:44,534 [INFO] [register_page] Config sauvegardee pour chat_deepseek_com: {'input_click': [402, 526], 'send_click': [1129, 589], 'copy_zone': [401, 440], 'wait_time': 8}
2026-07-16 12:06:44,536 [INFO] [save_configs] 3 configs sauvegardees
2026-07-16 12:06:45,086 [INFO] [window] Fenetre trouvee: DeepSeek - Into the Unknown — Mozilla Firefox (ID: 20971580)
2026-07-16 12:08:07,665 [INFO] [worker] Demarrage pour chat_deepseek_com
2026-07-16 12:08:07,666 [INFO] [ensure_worker] Worker cree pour chat_deepseek_com
2026-07-16 12:08:07,667 [INFO] [worker] Execution tache chatcmpl-c8c83726d37a458a93b68d6f sur chat_deepseek_com
2026-07-16 12:08:07,667 [INFO] [execute] page=chat_deepseek_com task=chatcmpl-c8c83726d37a458a93b68d6f prompt='formate ma clé USB'
2026-07-16 12:08:07,675 [INFO] [execute] Fenetre ID: 20971580
2026-07-16 12:08:07,676 [INFO] [execute] Clic saisie: 402,526
2026-07-16 12:08:07,684 [INFO] [click] Absolu: 402,626
2026-07-16 12:08:08,400 [INFO] [execute] Collage prompt
2026-07-16 12:08:13,409 [WARNING] [subprocess] timeout: ['xclip', '-selection', 'c', '-i', '/tmp/tmp9g9gi6nx.txt']
2026-07-16 12:08:13,511 [INFO] [type] Collage: formate ma clé USB...
2026-07-16 12:08:13,705 [INFO] [type] Collage OK
2026-07-16 12:08:14,007 [INFO] [execute] Clic send: 1129,589
2026-07-16 12:08:14,007 [INFO] [click] Absolu: 1129,689
2026-07-16 12:08:17,219 [INFO] [execute] Tentative copy 1/12...
2026-07-16 12:08:17,219 [INFO] [click] Absolu: 401,540
2026-07-16 12:08:20,777 [INFO] [execute] Tentative copy 2/12...
2026-07-16 12:08:20,777 [INFO] [click] Absolu: 401,540
2026-07-16 12:08:21,890 [INFO] [execute] Reponse (xdotool) apres 14223ms
2026-07-16 12:08:52,801 [INFO] [worker] Execution tache chatcmpl-8b0dfc6c252740389a38814c sur chat_deepseek_com
2026-07-16 12:08:52,802 [INFO] [execute] page=chat_deepseek_com task=chatcmpl-8b0dfc6c252740389a38814c prompt='[CONTEXTE FEEDBACK - Etape 1]\nPrompt original : fo'
2026-07-16 12:08:52,827 [INFO] [execute] Fenetre ID: 20971580
2026-07-16 12:08:52,828 [INFO] [execute] Clic saisie: 402,526
2026-07-16 12:08:52,857 [INFO] [click] Absolu: 402,626
2026-07-16 12:08:53,590 [INFO] [execute] Collage prompt
2026-07-16 12:08:58,598 [WARNING] [subprocess] timeout: ['xclip', '-selection', 'c', '-i', '/tmp/tmpw7gwd0xo.txt']
2026-07-16 12:08:58,699 [INFO] [type] Collage: [CONTEXTE FEEDBACK - Etape 1]
Prompt original : fo...
2026-07-16 12:08:58,891 [INFO] [type] Collage OK
2026-07-16 12:08:59,192 [INFO] [execute] Clic send: 1129,589
2026-07-16 12:08:59,193 [INFO] [click] Absolu: 1129,689
2026-07-16 12:09:02,421 [INFO] [execute] Tentative copy 1/12...
2026-07-16 12:09:02,421 [INFO] [click] Absolu: 401,540
2026-07-16 12:09:05,973 [INFO] [execute] Tentative copy 2/12...
2026-07-16 12:09:05,973 [INFO] [click] Absolu: 401,540
2026-07-16 12:09:07,076 [INFO] [execute] Reponse (xdotool) apres 14274ms
2026-07-16 12:09:37,784 [INFO] [worker] Execution tache chatcmpl-cd42bdb2e6c24077b43eb39b sur chat_deepseek_com
2026-07-16 12:09:37,786 [INFO] [execute] page=chat_deepseek_com task=chatcmpl-cd42bdb2e6c24077b43eb39b prompt='[CONTEXTE FEEDBACK - Etape 2]\nPrompt original : fo'
2026-07-16 12:09:37,813 [INFO] [execute] Fenetre ID: 20971580
2026-07-16 12:09:37,814 [INFO] [execute] Clic saisie: 402,526
2026-07-16 12:09:37,842 [INFO] [click] Absolu: 402,626
2026-07-16 12:09:38,576 [INFO] [execute] Collage prompt
2026-07-16 12:09:43,585 [WARNING] [subprocess] timeout: ['xclip', '-selection', 'c', '-i', '/tmp/tmpd9nmizte.txt']
2026-07-16 12:09:43,686 [INFO] [type] Collage: [CONTEXTE FEEDBACK - Etape 2]
Prompt original : fo...
2026-07-16 12:09:43,885 [INFO] [type] Collage OK
2026-07-16 12:09:44,185 [INFO] [execute] Clic send: 1129,589
2026-07-16 12:09:44,186 [INFO] [click] Absolu: 1129,689
2026-07-16 12:09:47,397 [INFO] [execute] Tentative copy 1/12...
2026-07-16 12:09:47,398 [INFO] [click] Absolu: 401,540
2026-07-16 12:09:50,950 [INFO] [execute] Tentative copy 2/12...
2026-07-16 12:09:50,950 [INFO] [click] Absolu: 401,540
2026-07-16 12:09:52,039 [INFO] [execute] Reponse (xdotool) apres 14252ms
2026-07-16 12:10:22,815 [INFO] [worker] Execution tache chatcmpl-4e7fc16749e6424cacb594b8 sur chat_deepseek_com
2026-07-16 12:10:22,818 [INFO] [execute] page=chat_deepseek_com task=chatcmpl-4e7fc16749e6424cacb594b8 prompt='[CONTEXTE FEEDBACK - Etape 3]\nPrompt original : fo'
2026-07-16 12:10:22,851 [INFO] [execute] Fenetre ID: 20971580
2026-07-16 12:10:22,852 [INFO] [execute] Clic saisie: 402,526
2026-07-16 12:10:22,871 [INFO] [click] Absolu: 402,626
2026-07-16 12:10:23,590 [INFO] [execute] Collage prompt
2026-07-16 12:10:28,598 [WARNING] [subprocess] timeout: ['xclip', '-selection', 'c', '-i', '/tmp/tmpv7qzeyum.txt']
2026-07-16 12:10:28,699 [INFO] [type] Collage: [CONTEXTE FEEDBACK - Etape 3]
Prompt original : fo...
2026-07-16 12:10:28,909 [INFO] [type] Collage OK
2026-07-16 12:10:29,210 [INFO] [execute] Clic send: 1129,589
2026-07-16 12:10:29,210 [INFO] [click] Absolu: 1129,689
2026-07-16 12:10:32,425 [INFO] [execute] Tentative copy 1/12...
2026-07-16 12:10:32,425 [INFO] [click] Absolu: 401,540
2026-07-16 12:10:35,992 [INFO] [execute] Tentative copy 2/12...
2026-07-16 12:10:35,993 [INFO] [click] Absolu: 401,540
2026-07-16 12:10:37,088 [INFO] [execute] Reponse (xdotool) apres 14270ms
2026-07-16 12:11:37,891 [INFO] [worker] Execution tache chatcmpl-0484c330f8764ccf8f037f86 sur chat_deepseek_com
2026-07-16 12:11:37,894 [INFO] [execute] page=chat_deepseek_com task=chatcmpl-0484c330f8764ccf8f037f86 prompt='[CONTEXTE FEEDBACK - Etape 4]\nPrompt original : fo'
2026-07-16 12:11:37,915 [INFO] [execute] Fenetre ID: 20971580
2026-07-16 12:11:37,916 [INFO] [execute] Clic saisie: 402,526
2026-07-16 12:11:37,937 [INFO] [click] Absolu: 402,626
2026-07-16 12:11:38,654 [INFO] [execute] Collage prompt
2026-07-16 12:11:43,664 [WARNING] [subprocess] timeout: ['xclip', '-selection', 'c', '-i', '/tmp/tmpp2jivyqu.txt']
2026-07-16 12:11:43,764 [INFO] [type] Collage: [CONTEXTE FEEDBACK - Etape 4]
Prompt original : fo...
2026-07-16 12:11:43,951 [INFO] [type] Collage OK
2026-07-16 12:11:44,251 [INFO] [execute] Clic send: 1129,589
2026-07-16 12:11:44,252 [INFO] [click] Absolu: 1129,689
2026-07-16 12:11:47,465 [INFO] [execute] Tentative copy 1/12...
2026-07-16 12:11:47,466 [INFO] [click] Absolu: 401,540
2026-07-16 12:11:51,033 [INFO] [execute] Tentative copy 2/12...
2026-07-16 12:11:51,033 [INFO] [click] Absolu: 401,540
2026-07-16 12:11:52,113 [INFO] [execute] Reponse (xdotool) apres 14219ms
2026-07-16 12:14:50,978 [INFO] [worker] Execution tache chatcmpl-58b7b26226e847e2b4383f7f sur chat_deepseek_com
2026-07-16 12:14:50,979 [INFO] [execute] page=chat_deepseek_com task=chatcmpl-58b7b26226e847e2b4383f7f prompt='lit /home/leon/Téléchargements/lcgusk/AstarteBam_i'
2026-07-16 12:14:50,987 [INFO] [execute] Fenetre ID: 20971580
2026-07-16 12:14:50,988 [INFO] [execute] Clic saisie: 402,526
2026-07-16 12:14:50,995 [INFO] [click] Absolu: 402,626
2026-07-16 12:14:51,731 [INFO] [execute] Collage prompt
2026-07-16 12:14:56,740 [WARNING] [subprocess] timeout: ['xclip', '-selection', 'c', '-i', '/tmp/tmphke_chni.txt']
2026-07-16 12:14:56,840 [INFO] [type] Collage: lit /home/leon/Téléchargements/lcgusk/AstarteBam_i...
2026-07-16 12:14:57,018 [INFO] [type] Collage OK
2026-07-16 12:14:57,319 [INFO] [execute] Clic send: 1129,589
2026-07-16 12:14:57,320 [INFO] [click] Absolu: 1129,689
2026-07-16 12:15:00,551 [INFO] [execute] Tentative copy 1/12...
2026-07-16 12:15:00,551 [INFO] [click] Absolu: 401,540
2026-07-16 12:15:04,110 [INFO] [execute] Tentative copy 2/12...
2026-07-16 12:15:04,110 [INFO] [click] Absolu: 401,540
2026-07-16 12:15:05,210 [INFO] [execute] Reponse (xdotool) apres 14231ms
2026-07-16 12:15:06,057 [INFO] [worker] Execution tache chatcmpl-43dd086180c5467faad81dee sur chat_deepseek_com
2026-07-16 12:15:06,061 [INFO] [execute] page=chat_deepseek_com task=chatcmpl-43dd086180c5467faad81dee prompt='[CONTEXTE FEEDBACK - Etape 1]\nPrompt original : li'
2026-07-16 12:15:06,095 [INFO] [execute] Fenetre ID: 20971580
2026-07-16 12:15:06,096 [INFO] [execute] Clic saisie: 402,526
2026-07-16 12:15:06,097 [INFO] [click] Absolu: 402,626
2026-07-16 12:15:06,821 [INFO] [execute] Collage prompt
2026-07-16 12:15:11,829 [WARNING] [subprocess] timeout: ['xclip', '-selection', 'c', '-i', '/tmp/tmpflv1xbfo.txt']
2026-07-16 12:15:11,931 [INFO] [type] Collage: [CONTEXTE FEEDBACK - Etape 1]
Prompt original : li...
2026-07-16 12:15:12,129 [INFO] [type] Collage OK
2026-07-16 12:15:12,429 [INFO] [execute] Clic send: 1129,589
2026-07-16 12:15:12,430 [INFO] [click] Absolu: 1129,689
2026-07-16 12:15:15,645 [INFO] [execute] Tentative copy 1/12...
2026-07-16 12:15:15,645 [INFO] [click] Absolu: 401,540
2026-07-16 12:15:19,198 [INFO] [execute] Tentative copy 2/12...
2026-07-16 12:15:19,198 [INFO] [click] Absolu: 401,540
2026-07-16 12:15:20,273 [INFO] [execute] Reponse (xdotool) apres 14211ms
2026-07-16 12:15:21,249 [INFO] [worker] Execution tache chatcmpl-73d84074e9e141d2bc6a2af0 sur chat_deepseek_com
2026-07-16 12:15:21,252 [INFO] [execute] page=chat_deepseek_com task=chatcmpl-73d84074e9e141d2bc6a2af0 prompt='[CONTEXTE FEEDBACK - Etape 2]\nPrompt original : li'
2026-07-16 12:15:21,278 [INFO] [execute] Fenetre ID: 20971580
2026-07-16 12:15:21,279 [INFO] [execute] Clic saisie: 402,526
2026-07-16 12:15:21,296 [INFO] [click] Absolu: 402,626
2026-07-16 12:15:22,009 [INFO] [execute] Collage prompt
2026-07-16 12:15:27,017 [WARNING] [subprocess] timeout: ['xclip', '-selection', 'c', '-i', '/tmp/tmprr3usml5.txt']
2026-07-16 12:15:27,120 [INFO] [type] Collage: [CONTEXTE FEEDBACK - Etape 2]
Prompt original : li...
2026-07-16 12:15:27,309 [INFO] [type] Collage OK
2026-07-16 12:15:27,612 [INFO] [execute] Clic send: 1129,589
2026-07-16 12:15:27,613 [INFO] [click] Absolu: 1129,689
2026-07-16 12:15:30,833 [INFO] [execute] Tentative copy 1/12...
2026-07-16 12:15:30,835 [INFO] [click] Absolu: 401,540
2026-07-16 12:15:34,433 [INFO] [execute] Tentative copy 2/12...
2026-07-16 12:15:34,433 [INFO] [click] Absolu: 401,540
2026-07-16 12:15:35,522 [INFO] [execute] Reponse (xdotool) apres 14270ms
2026-07-16 12:15:36,324 [INFO] [worker] Execution tache chatcmpl-85595a5ad22e48429d4618c4 sur chat_deepseek_com
2026-07-16 12:15:36,327 [INFO] [execute] page=chat_deepseek_com task=chatcmpl-85595a5ad22e48429d4618c4 prompt='[ACTIONS REUSSIES - Etape 3]\nATTENTION: Ne repete '
2026-07-16 12:15:36,357 [INFO] [execute] Fenetre ID: 20971580
2026-07-16 12:15:36,358 [INFO] [execute] Clic saisie: 402,526
2026-07-16 12:15:36,358 [INFO] [click] Absolu: 402,626
2026-07-16 12:15:37,079 [INFO] [execute] Collage prompt
2026-07-16 12:15:42,083 [WARNING] [subprocess] timeout: ['xclip', '-selection', 'c', '-i', '/tmp/tmpm9sxaeir.txt']
2026-07-16 12:15:42,184 [INFO] [type] Collage: [ACTIONS REUSSIES - Etape 3]
ATTENTION: Ne repete ...
2026-07-16 12:15:42,373 [INFO] [type] Collage OK
2026-07-16 12:15:42,673 [INFO] [execute] Clic send: 1129,589
2026-07-16 12:15:42,674 [INFO] [click] Absolu: 1129,689
2026-07-16 12:15:45,887 [INFO] [execute] Tentative copy 1/12...
2026-07-16 12:15:45,887 [INFO] [click] Absolu: 401,540
2026-07-16 12:15:49,463 [INFO] [execute] Tentative copy 2/12...
2026-07-16 12:15:49,464 [INFO] [click] Absolu: 401,540
2026-07-16 12:15:50,557 [INFO] [execute] Reponse (xdotool) apres 14231ms
2026-07-16 12:15:51,470 [INFO] [worker] Execution tache chatcmpl-0fd4741bdb22400f88a3c66f sur chat_deepseek_com
2026-07-16 12:15:51,474 [INFO] [execute] page=chat_deepseek_com task=chatcmpl-0fd4741bdb22400f88a3c66f prompt='[CONTEXTE FEEDBACK - Etape 4]\nPrompt original : li'
2026-07-16 12:15:51,500 [INFO] [execute] Fenetre ID: 20971580
2026-07-16 12:15:51,501 [INFO] [execute] Clic saisie: 402,526
2026-07-16 12:15:51,519 [INFO] [click] Absolu: 402,626
2026-07-16 12:15:52,231 [INFO] [execute] Collage prompt
2026-07-16 12:15:57,239 [WARNING] [subprocess] timeout: ['xclip', '-selection', 'c', '-i', '/tmp/tmptb3tq62h.txt']
2026-07-16 12:15:57,340 [INFO] [type] Collage: [CONTEXTE FEEDBACK - Etape 4]
Prompt original : li...
2026-07-16 12:15:57,529 [INFO] [type] Collage OK
2026-07-16 12:15:57,831 [INFO] [execute] Clic send: 1129,589
2026-07-16 12:15:57,831 [INFO] [click] Absolu: 1129,689
2026-07-16 12:16:01,067 [INFO] [execute] Tentative copy 1/12...
2026-07-16 12:16:01,068 [INFO] [click] Absolu: 401,540
2026-07-16 12:16:04,634 [INFO] [execute] Tentative copy 2/12...
2026-07-16 12:16:04,635 [INFO] [click] Absolu: 401,540
2026-07-16 12:16:05,725 [INFO] [execute] Reponse (xdotool) apres 14251ms
2026-07-16 12:16:06,506 [INFO] [worker] Execution tache chatcmpl-7f6ba5b4b5a146c9a3bb9343 sur chat_deepseek_com
2026-07-16 12:16:06,510 [INFO] [execute] page=chat_deepseek_com task=chatcmpl-7f6ba5b4b5a146c9a3bb9343 prompt='[ACTIONS REUSSIES - Etape 5]\nATTENTION: Ne repete '
2026-07-16 12:16:06,537 [INFO] [execute] Fenetre ID: 20971580
2026-07-16 12:16:06,538 [INFO] [execute] Clic saisie: 402,526
2026-07-16 12:16:06,538 [INFO] [click] Absolu: 402,626
2026-07-16 12:16:07,264 [INFO] [execute] Collage prompt
2026-07-16 12:16:12,272 [WARNING] [subprocess] timeout: ['xclip', '-selection', 'c', '-i', '/tmp/tmpmrn3t1c9.txt']
2026-07-16 12:16:12,373 [INFO] [type] Collage: [ACTIONS REUSSIES - Etape 5]
ATTENTION: Ne repete ...
2026-07-16 12:16:12,562 [INFO] [type] Collage OK
2026-07-16 12:16:12,863 [INFO] [execute] Clic send: 1129,589
2026-07-16 12:16:12,863 [INFO] [click] Absolu: 1129,689
2026-07-16 12:16:16,079 [INFO] [execute] Tentative copy 1/12...
2026-07-16 12:16:16,080 [INFO] [click] Absolu: 401,540
2026-07-16 12:16:19,634 [INFO] [execute] Tentative copy 2/12...
2026-07-16 12:16:19,635 [INFO] [click] Absolu: 401,540
2026-07-16 12:16:20,732 [INFO] [execute] Reponse (xdotool) apres 14222ms
2026-07-16 12:16:21,673 [INFO] [worker] Execution tache chatcmpl-5c022988933d47968a7e2d1e sur chat_deepseek_com
2026-07-16 12:16:21,679 [INFO] [execute] page=chat_deepseek_com task=chatcmpl-5c022988933d47968a7e2d1e prompt='[ACTIONS REUSSIES - Etape 6]\nATTENTION: Ne repete '
2026-07-16 12:16:21,707 [INFO] [execute] Fenetre ID: 20971580
2026-07-16 12:16:21,707 [INFO] [execute] Clic saisie: 402,526
2026-07-16 12:16:21,726 [INFO] [click] Absolu: 402,626
2026-07-16 12:16:22,441 [INFO] [execute] Collage prompt
2026-07-16 12:16:27,449 [WARNING] [subprocess] timeout: ['xclip', '-selection', 'c', '-i', '/tmp/tmpkj243ue4.txt']
2026-07-16 12:16:27,549 [INFO] [type] Collage: [ACTIONS REUSSIES - Etape 6]
ATTENTION: Ne repete ...
2026-07-16 12:16:27,731 [INFO] [type] Collage OK
2026-07-16 12:16:28,032 [INFO] [execute] Clic send: 1129,589
2026-07-16 12:16:28,033 [INFO] [click] Absolu: 1129,689
2026-07-16 12:16:31,247 [INFO] [execute] Tentative copy 1/12...
2026-07-16 12:16:31,247 [INFO] [click] Absolu: 401,540
2026-07-16 12:16:34,802 [INFO] [execute] Tentative copy 2/12...
2026-07-16 12:16:34,803 [INFO] [click] Absolu: 401,540
2026-07-16 12:16:35,881 [INFO] [execute] Reponse (xdotool) apres 14202ms
2026-07-16 12:16:36,853 [INFO] [worker] Execution tache chatcmpl-420673f5aef24426abe213a2 sur chat_deepseek_com
2026-07-16 12:16:36,856 [INFO] [execute] page=chat_deepseek_com task=chatcmpl-420673f5aef24426abe213a2 prompt='[ACTIONS REUSSIES - Etape 7]\nATTENTION: Ne repete '
2026-07-16 12:16:36,897 [INFO] [execute] Fenetre ID: 20971580
2026-07-16 12:16:36,897 [INFO] [execute] Clic saisie: 402,526
2026-07-16 12:16:36,897 [INFO] [click] Absolu: 402,626
2026-07-16 12:16:37,622 [INFO] [execute] Collage prompt
2026-07-16 12:16:42,630 [WARNING] [subprocess] timeout: ['xclip', '-selection', 'c', '-i', '/tmp/tmpexpb5rxj.txt']
2026-07-16 12:16:42,731 [INFO] [type] Collage: [ACTIONS REUSSIES - Etape 7]
ATTENTION: Ne repete ...
2026-07-16 12:16:42,918 [INFO] [type] Collage OK
2026-07-16 12:16:43,219 [INFO] [execute] Clic send: 1129,589
2026-07-16 12:16:43,219 [INFO] [click] Absolu: 1129,689
2026-07-16 12:16:46,434 [INFO] [execute] Tentative copy 1/12...
2026-07-16 12:16:46,434 [INFO] [click] Absolu: 401,540
2026-07-16 12:16:47,505 [INFO] [execute] Reponse (xdotool) apres 10649ms
2026-07-16 12:16:48,248 [INFO] [worker] Execution tache chatcmpl-523f36c32e0d4ff1916abc73 sur chat_deepseek_com
2026-07-16 12:16:48,249 [INFO] [execute] page=chat_deepseek_com task=chatcmpl-523f36c32e0d4ff1916abc73 prompt='[ACTIONS REUSSIES - Etape 8]\nATTENTION: Ne repete '
2026-07-16 12:16:48,278 [INFO] [execute] Fenetre ID: 20971580
2026-07-16 12:16:48,279 [INFO] [execute] Clic saisie: 402,526
2026-07-16 12:16:48,279 [INFO] [click] Absolu: 402,626
2026-07-16 12:16:49,002 [INFO] [execute] Collage prompt
2026-07-16 12:16:54,011 [WARNING] [subprocess] timeout: ['xclip', '-selection', 'c', '-i', '/tmp/tmp81wrf4ov.txt']
2026-07-16 12:16:54,111 [INFO] [type] Collage: [ACTIONS REUSSIES - Etape 8]
ATTENTION: Ne repete ...
2026-07-16 12:16:54,301 [INFO] [type] Collage OK
2026-07-16 12:16:54,602 [INFO] [execute] Clic send: 1129,589
2026-07-16 12:16:54,615 [INFO] [click] Absolu: 1129,689
2026-07-16 12:16:57,848 [INFO] [execute] Tentative copy 1/12...
2026-07-16 12:16:57,848 [INFO] [click] Absolu: 401,540
2026-07-16 12:17:01,427 [INFO] [execute] Tentative copy 2/12...
2026-07-16 12:17:01,427 [INFO] [click] Absolu: 401,540
2026-07-16 12:17:02,510 [INFO] [execute] Reponse (xdotool) apres 14261ms
2026-07-16 12:17:03,288 [INFO] [worker] Execution tache chatcmpl-9eebca80134c45c0be7fa3a2 sur chat_deepseek_com
2026-07-16 12:17:03,291 [INFO] [execute] page=chat_deepseek_com task=chatcmpl-9eebca80134c45c0be7fa3a2 prompt='[ACTIONS REUSSIES - Etape 9]\nATTENTION: Ne repete '
2026-07-16 12:17:03,320 [INFO] [execute] Fenetre ID: 20971580
2026-07-16 12:17:03,321 [INFO] [execute] Clic saisie: 402,526
2026-07-16 12:17:03,321 [INFO] [click] Absolu: 402,626
2026-07-16 12:17:04,044 [INFO] [execute] Collage prompt
2026-07-16 12:17:09,049 [WARNING] [subprocess] timeout: ['xclip', '-selection', 'c', '-i', '/tmp/tmpwxchclpp.txt']
2026-07-16 12:17:09,150 [INFO] [type] Collage: [ACTIONS REUSSIES - Etape 9]
ATTENTION: Ne repete ...
2026-07-16 12:17:09,341 [INFO] [type] Collage OK
2026-07-16 12:17:09,642 [INFO] [execute] Clic send: 1129,589
2026-07-16 12:17:09,643 [INFO] [click] Absolu: 1129,689
2026-07-16 12:17:12,857 [INFO] [execute] Tentative copy 1/12...
2026-07-16 12:17:12,857 [INFO] [click] Absolu: 401,540
2026-07-16 12:17:16,437 [INFO] [execute] Tentative copy 2/12...
2026-07-16 12:17:16,437 [INFO] [click] Absolu: 401,540
2026-07-16 12:17:17,536 [INFO] [execute] Reponse (xdotool) apres 14245ms
2026-07-16 12:17:18,375 [INFO] [worker] Execution tache chatcmpl-5f4be4ee98e6459898244133 sur chat_deepseek_com
2026-07-16 12:17:18,378 [INFO] [execute] page=chat_deepseek_com task=chatcmpl-5f4be4ee98e6459898244133 prompt='[ACTIONS REUSSIES - Etape 10]\nATTENTION: Ne repete'
2026-07-16 12:17:18,407 [INFO] [execute] Fenetre ID: 20971580
2026-07-16 12:17:18,408 [INFO] [execute] Clic saisie: 402,526
2026-07-16 12:17:18,408 [INFO] [click] Absolu: 402,626
2026-07-16 12:17:19,136 [INFO] [execute] Collage prompt
2026-07-16 12:17:24,142 [WARNING] [subprocess] timeout: ['xclip', '-selection', 'c', '-i', '/tmp/tmpyn716w1s.txt']
2026-07-16 12:17:24,245 [INFO] [type] Collage: [ACTIONS REUSSIES - Etape 10]
ATTENTION: Ne repete...
2026-07-16 12:17:24,432 [INFO] [type] Collage OK
2026-07-16 12:17:24,733 [INFO] [execute] Clic send: 1129,589
2026-07-16 12:17:24,747 [INFO] [click] Absolu: 1129,689
2026-07-16 12:17:27,960 [INFO] [execute] Tentative copy 1/12...
2026-07-16 12:17:27,960 [INFO] [click] Absolu: 401,540
2026-07-16 12:17:31,516 [INFO] [execute] Tentative copy 2/12...
2026-07-16 12:17:31,516 [INFO] [click] Absolu: 401,540
2026-07-16 12:17:32,613 [INFO] [execute] Reponse (xdotool) apres 14235ms
2026-07-16 12:17:33,373 [INFO] [worker] Execution tache chatcmpl-948c6eeb43ea4c98b4d70a7f sur chat_deepseek_com
2026-07-16 12:17:33,375 [INFO] [execute] page=chat_deepseek_com task=chatcmpl-948c6eeb43ea4c98b4d70a7f prompt='[ACTIONS REUSSIES - Etape 11]\nATTENTION: Ne repete'
2026-07-16 12:17:33,401 [INFO] [execute] Fenetre ID: 20971580
2026-07-16 12:17:33,402 [INFO] [execute] Clic saisie: 402,526
2026-07-16 12:17:33,402 [INFO] [click] Absolu: 402,626
2026-07-16 12:17:34,125 [INFO] [execute] Collage prompt
2026-07-16 12:17:39,133 [WARNING] [subprocess] timeout: ['xclip', '-selection', 'c', '-i', '/tmp/tmpy68g4x2l.txt']
2026-07-16 12:17:39,235 [INFO] [type] Collage: [ACTIONS REUSSIES - Etape 11]
ATTENTION: Ne repete...
2026-07-16 12:17:39,424 [INFO] [type] Collage OK
2026-07-16 12:17:39,726 [INFO] [execute] Clic send: 1129,589
2026-07-16 12:17:39,726 [INFO] [click] Absolu: 1129,689
2026-07-16 12:17:42,948 [INFO] [execute] Tentative copy 1/12...
2026-07-16 12:17:42,949 [INFO] [click] Absolu: 401,540
2026-07-16 12:17:44,015 [INFO] [execute] Reponse (xdotool) apres 10641ms
2026-07-16 12:17:44,853 [INFO] [worker] Execution tache chatcmpl-bd6c99c95a184cec8af9ef92 sur chat_deepseek_com
2026-07-16 12:17:44,857 [INFO] [execute] page=chat_deepseek_com task=chatcmpl-bd6c99c95a184cec8af9ef92 prompt='[ACTIONS REUSSIES - Etape 12]\nATTENTION: Ne repete'
2026-07-16 12:17:44,896 [INFO] [execute] Fenetre ID: 20971580
2026-07-16 12:17:44,897 [INFO] [execute] Clic saisie: 402,526
2026-07-16 12:17:44,897 [INFO] [click] Absolu: 402,626
2026-07-16 12:17:45,620 [INFO] [execute] Collage prompt
2026-07-16 12:17:50,628 [WARNING] [subprocess] timeout: ['xclip', '-selection', 'c', '-i', '/tmp/tmpgf0p1_a3.txt']
2026-07-16 12:17:50,729 [INFO] [type] Collage: [ACTIONS REUSSIES - Etape 12]
ATTENTION: Ne repete...
2026-07-16 12:17:50,915 [INFO] [type] Collage OK
2026-07-16 12:17:51,216 [INFO] [execute] Clic send: 1129,589
2026-07-16 12:17:51,216 [INFO] [click] Absolu: 1129,689
2026-07-16 12:17:54,431 [INFO] [execute] Tentative copy 1/12...
2026-07-16 12:17:54,432 [INFO] [click] Absolu: 401,540
2026-07-16 12:17:57,993 [INFO] [execute] Tentative copy 2/12...
2026-07-16 12:17:58,010 [INFO] [click] Absolu: 401,540
2026-07-16 12:17:59,088 [INFO] [execute] Reponse (xdotool) apres 14231ms
2026-07-16 12:17:59,903 [INFO] [worker] Execution tache chatcmpl-410b9382876942bf91b1d58a sur chat_deepseek_com
2026-07-16 12:17:59,905 [INFO] [execute] page=chat_deepseek_com task=chatcmpl-410b9382876942bf91b1d58a prompt='[ACTIONS REUSSIES - Etape 13]\nATTENTION: Ne repete'
2026-07-16 12:17:59,935 [INFO] [execute] Fenetre ID: 20971580
2026-07-16 12:17:59,936 [INFO] [execute] Clic saisie: 402,526
2026-07-16 12:17:59,937 [INFO] [click] Absolu: 402,626
2026-07-16 12:18:00,660 [INFO] [execute] Collage prompt
2026-07-16 12:18:05,668 [WARNING] [subprocess] timeout: ['xclip', '-selection', 'c', '-i', '/tmp/tmpkn9nh2nk.txt']
2026-07-16 12:18:05,768 [INFO] [type] Collage: [ACTIONS REUSSIES - Etape 13]
ATTENTION: Ne repete...
2026-07-16 12:18:05,953 [INFO] [type] Collage OK
2026-07-16 12:18:06,254 [INFO] [execute] Clic send: 1129,589
2026-07-16 12:18:06,254 [INFO] [click] Absolu: 1129,689
2026-07-16 12:18:09,471 [INFO] [execute] Tentative copy 1/12...
2026-07-16 12:18:09,471 [INFO] [click] Absolu: 401,540
2026-07-16 12:18:13,039 [INFO] [execute] Tentative copy 2/12...
2026-07-16 12:18:13,039 [INFO] [click] Absolu: 401,540
2026-07-16 12:18:14,134 [INFO] [execute] Reponse (xdotool) apres 14230ms
2026-07-16 12:20:45,886 [INFO] [worker] Execution tache chatcmpl-b9ce0be7d83d4a88941606b4 sur chat_deepseek_com
2026-07-16 12:20:45,888 [INFO] [execute] page=chat_deepseek_com task=chatcmpl-b9ce0be7d83d4a88941606b4 prompt='TERMINE : error'
2026-07-16 12:20:45,908 [INFO] [execute] Fenetre ID: 20971580
2026-07-16 12:20:45,908 [INFO] [execute] Clic saisie: 402,526
2026-07-16 12:20:45,926 [INFO] [click] Absolu: 402,626
2026-07-16 12:20:46,670 [INFO] [execute] Collage prompt
2026-07-16 12:20:51,675 [WARNING] [subprocess] timeout: ['xclip', '-selection', 'c', '-i', '/tmp/tmpojh6qjo8.txt']
2026-07-16 12:20:51,777 [INFO] [type] Collage: TERMINE : error...
2026-07-16 12:20:51,993 [INFO] [type] Collage OK
2026-07-16 12:20:52,293 [INFO] [execute] Clic send: 1129,589
2026-07-16 12:20:52,294 [INFO] [click] Absolu: 1129,689
2026-07-16 12:20:55,514 [INFO] [execute] Tentative copy 1/12...
2026-07-16 12:20:55,515 [INFO] [click] Absolu: 401,540
2026-07-16 12:20:56,578 [INFO] [execute] Reponse (xdotool) apres 10689ms
2026-07-16 12:20:57,290 [INFO] [worker] Execution tache chatcmpl-051fba15cd014cbdaf6112e0 sur chat_deepseek_com
2026-07-16 12:20:57,293 [INFO] [execute] page=chat_deepseek_com task=chatcmpl-051fba15cd014cbdaf6112e0 prompt='[ACTIONS REUSSIES - Etape 1]\nATTENTION: Ne repete '
2026-07-16 12:20:57,320 [INFO] [execute] Fenetre ID: 20971580
2026-07-16 12:20:57,321 [INFO] [execute] Clic saisie: 402,526
2026-07-16 12:20:57,321 [INFO] [click] Absolu: 402,626
2026-07-16 12:20:58,059 [INFO] [execute] Collage prompt
2026-07-16 12:21:03,067 [WARNING] [subprocess] timeout: ['xclip', '-selection', 'c', '-i', '/tmp/tmpk376k8_g.txt']
2026-07-16 12:21:03,168 [INFO] [type] Collage: [ACTIONS REUSSIES - Etape 1]
ATTENTION: Ne repete ...
2026-07-16 12:21:03,358 [INFO] [type] Collage OK
2026-07-16 12:21:03,660 [INFO] [execute] Clic send: 1129,589
2026-07-16 12:21:03,660 [INFO] [click] Absolu: 1129,689
2026-07-16 12:21:06,875 [INFO] [execute] Tentative copy 1/12...
2026-07-16 12:21:06,876 [INFO] [click] Absolu: 401,540
2026-07-16 12:21:10,433 [INFO] [execute] Tentative copy 2/12...
2026-07-16 12:21:10,434 [INFO] [click] Absolu: 401,540
2026-07-16 12:21:11,519 [INFO] [execute] Reponse (xdotool) apres 14226ms
2026-07-16 12:21:12,485 [INFO] [worker] Execution tache chatcmpl-3524ac7b3ef9402d9606c95c sur chat_deepseek_com
2026-07-16 12:21:12,489 [INFO] [execute] page=chat_deepseek_com task=chatcmpl-3524ac7b3ef9402d9606c95c prompt='[ACTIONS REUSSIES - Etape 2]\nATTENTION: Ne repete '
2026-07-16 12:21:12,520 [INFO] [execute] Fenetre ID: 20971580
2026-07-16 12:21:12,521 [INFO] [execute] Clic saisie: 402,526
2026-07-16 12:21:12,521 [INFO] [click] Absolu: 402,626
2026-07-16 12:21:13,243 [INFO] [execute] Collage prompt
2026-07-16 12:21:18,251 [WARNING] [subprocess] timeout: ['xclip', '-selection', 'c', '-i', '/tmp/tmpyhq98d0a.txt']
2026-07-16 12:21:18,353 [INFO] [type] Collage: [ACTIONS REUSSIES - Etape 2]
ATTENTION: Ne repete ...
2026-07-16 12:21:18,543 [INFO] [type] Collage OK
2026-07-16 12:21:18,844 [INFO] [execute] Clic send: 1129,589
2026-07-16 12:21:18,864 [INFO] [click] Absolu: 1129,689
2026-07-16 12:21:22,096 [INFO] [execute] Tentative copy 1/12...
2026-07-16 12:21:22,096 [INFO] [click] Absolu: 401,540
2026-07-16 12:21:25,648 [INFO] [execute] Tentative copy 2/12...
2026-07-16 12:21:25,648 [INFO] [click] Absolu: 401,540
2026-07-16 12:21:26,731 [INFO] [execute] Reponse (xdotool) apres 14242ms
2026-07-16 12:21:27,538 [INFO] [worker] Execution tache chatcmpl-ab6ee340f3714de4bcb945a9 sur chat_deepseek_com
2026-07-16 12:21:27,541 [INFO] [execute] page=chat_deepseek_com task=chatcmpl-ab6ee340f3714de4bcb945a9 prompt='[ACTIONS REUSSIES - Etape 3]\nATTENTION: Ne repete '
2026-07-16 12:21:27,574 [INFO] [execute] Fenetre ID: 20971580
2026-07-16 12:21:27,576 [INFO] [execute] Clic saisie: 402,526
2026-07-16 12:21:27,578 [INFO] [click] Absolu: 402,626
2026-07-16 12:21:28,306 [INFO] [execute] Collage prompt
2026-07-16 12:21:33,311 [WARNING] [subprocess] timeout: ['xclip', '-selection', 'c', '-i', '/tmp/tmphuieqk7g.txt']
2026-07-16 12:21:33,412 [INFO] [type] Collage: [ACTIONS REUSSIES - Etape 3]
ATTENTION: Ne repete ...
2026-07-16 12:21:33,605 [INFO] [type] Collage OK
2026-07-16 12:21:33,907 [INFO] [execute] Clic send: 1129,589
2026-07-16 12:21:33,907 [INFO] [click] Absolu: 1129,689
2026-07-16 12:21:37,121 [INFO] [execute] Tentative copy 1/12...
2026-07-16 12:21:37,121 [INFO] [click] Absolu: 401,540
2026-07-16 12:21:40,680 [INFO] [execute] Tentative copy 2/12...
2026-07-16 12:21:40,680 [INFO] [click] Absolu: 401,540
2026-07-16 12:21:41,758 [INFO] [execute] Reponse (xdotool) apres 14218ms
2026-07-16 12:21:42,530 [INFO] [worker] Execution tache chatcmpl-36d1be784e844e2bae8f3547 sur chat_deepseek_com
2026-07-16 12:21:42,534 [INFO] [execute] page=chat_deepseek_com task=chatcmpl-36d1be784e844e2bae8f3547 prompt='[ACTIONS REUSSIES - Etape 4]\nATTENTION: Ne repete '
2026-07-16 12:21:42,568 [INFO] [execute] Fenetre ID: 20971580
2026-07-16 12:21:42,569 [INFO] [execute] Clic saisie: 402,526
2026-07-16 12:21:42,570 [INFO] [click] Absolu: 402,626
2026-07-16 12:21:43,295 [INFO] [execute] Collage prompt
2026-07-16 12:21:48,302 [WARNING] [subprocess] timeout: ['xclip', '-selection', 'c', '-i', '/tmp/tmpmthp9y9o.txt']
2026-07-16 12:21:48,404 [INFO] [type] Collage: [ACTIONS REUSSIES - Etape 4]
ATTENTION: Ne repete ...
2026-07-16 12:21:48,598 [INFO] [type] Collage OK
2026-07-16 12:21:48,900 [INFO] [execute] Clic send: 1129,589
2026-07-16 12:21:48,911 [INFO] [click] Absolu: 1129,689
2026-07-16 12:21:52,127 [INFO] [execute] Tentative copy 1/12...
2026-07-16 12:21:52,127 [INFO] [click] Absolu: 401,540
2026-07-16 12:21:55,681 [INFO] [execute] Tentative copy 2/12...
2026-07-16 12:21:55,681 [INFO] [click] Absolu: 401,540
2026-07-16 12:21:56,771 [INFO] [execute] Reponse (xdotool) apres 14237ms
2026-07-16 12:21:57,593 [INFO] [worker] Execution tache chatcmpl-5e1c5507b1a64abc8e84ac54 sur chat_deepseek_com
2026-07-16 12:21:57,598 [INFO] [execute] page=chat_deepseek_com task=chatcmpl-5e1c5507b1a64abc8e84ac54 prompt='[ACTIONS REUSSIES - Etape 5]\nATTENTION: Ne repete '
2026-07-16 12:21:57,632 [INFO] [execute] Fenetre ID: 20971580
2026-07-16 12:21:57,635 [INFO] [execute] Clic saisie: 402,526
2026-07-16 12:21:57,635 [INFO] [click] Absolu: 402,626
2026-07-16 12:21:58,366 [INFO] [execute] Collage prompt
2026-07-16 12:22:03,371 [WARNING] [subprocess] timeout: ['xclip', '-selection', 'c', '-i', '/tmp/tmpxg6ne_4g.txt']
2026-07-16 12:22:03,472 [INFO] [type] Collage: [ACTIONS REUSSIES - Etape 5]
ATTENTION: Ne repete ...
2026-07-16 12:22:03,661 [INFO] [type] Collage OK
2026-07-16 12:22:03,963 [INFO] [execute] Clic send: 1129,589
2026-07-16 12:22:03,963 [INFO] [click] Absolu: 1129,689
2026-07-16 12:22:07,184 [INFO] [execute] Tentative copy 1/12...
2026-07-16 12:22:07,185 [INFO] [click] Absolu: 401,540
2026-07-16 12:22:10,738 [INFO] [execute] Tentative copy 2/12...
2026-07-16 12:22:10,739 [INFO] [click] Absolu: 401,540
2026-07-16 12:22:11,814 [INFO] [execute] Reponse (xdotool) apres 14216ms
2026-07-16 12:22:12,749 [INFO] [worker] Execution tache chatcmpl-21c6b196fc894332b7e07e27 sur chat_deepseek_com
2026-07-16 12:22:12,752 [INFO] [execute] page=chat_deepseek_com task=chatcmpl-21c6b196fc894332b7e07e27 prompt='[ACTIONS REUSSIES - Etape 6]\nATTENTION: Ne repete '
2026-07-16 12:22:12,778 [INFO] [execute] Fenetre ID: 20971580
2026-07-16 12:22:12,779 [INFO] [execute] Clic saisie: 402,526
2026-07-16 12:22:12,780 [INFO] [click] Absolu: 402,626
2026-07-16 12:22:13,506 [INFO] [execute] Collage prompt
2026-07-16 12:22:18,509 [WARNING] [subprocess] timeout: ['xclip', '-selection', 'c', '-i', '/tmp/tmp1nahtksp.txt']
2026-07-16 12:22:18,613 [INFO] [type] Collage: [ACTIONS REUSSIES - Etape 6]
ATTENTION: Ne repete ...
2026-07-16 12:22:18,802 [INFO] [type] Collage OK
2026-07-16 12:22:19,103 [INFO] [execute] Clic send: 1129,589
2026-07-16 12:22:19,115 [INFO] [click] Absolu: 1129,689
2026-07-16 12:22:22,329 [INFO] [execute] Tentative copy 1/12...
2026-07-16 12:22:22,329 [INFO] [click] Absolu: 401,540
2026-07-16 12:22:25,892 [INFO] [execute] Tentative copy 2/12...
2026-07-16 12:22:25,893 [INFO] [click] Absolu: 401,540
2026-07-16 12:22:26,974 [INFO] [execute] Reponse (xdotool) apres 14223ms
2026-07-16 12:22:27,805 [INFO] [worker] Execution tache chatcmpl-56f98fb3c9f64509ace8ecb0 sur chat_deepseek_com
2026-07-16 12:22:27,805 [INFO] [execute] page=chat_deepseek_com task=chatcmpl-56f98fb3c9f64509ace8ecb0 prompt='[ACTIONS REUSSIES - Etape 7]\nATTENTION: Ne repete '
2026-07-16 12:22:27,836 [INFO] [execute] Fenetre ID: 20971580
2026-07-16 12:22:27,836 [INFO] [execute] Clic saisie: 402,526
2026-07-16 12:22:27,837 [INFO] [click] Absolu: 402,626
2026-07-16 12:22:28,570 [INFO] [execute] Collage prompt
2026-07-16 12:22:33,578 [WARNING] [subprocess] timeout: ['xclip', '-selection', 'c', '-i', '/tmp/tmp0cswvkx0.txt']
2026-07-16 12:22:33,679 [INFO] [type] Collage: [ACTIONS REUSSIES - Etape 7]
ATTENTION: Ne repete ...
2026-07-16 12:22:33,870 [INFO] [type] Collage OK
2026-07-16 12:22:34,171 [INFO] [execute] Clic send: 1129,589
2026-07-16 12:22:34,172 [INFO] [click] Absolu: 1129,689
2026-07-16 12:22:37,388 [INFO] [execute] Tentative copy 1/12...
2026-07-16 12:22:37,388 [INFO] [click] Absolu: 401,540
2026-07-16 12:22:40,945 [INFO] [execute] Tentative copy 2/12...
2026-07-16 12:22:40,945 [INFO] [click] Absolu: 401,540
2026-07-16 12:22:42,021 [INFO] [execute] Reponse (xdotool) apres 14216ms
2026-07-16 12:22:42,867 [INFO] [worker] Execution tache chatcmpl-2b6480be04224f8b843a715c sur chat_deepseek_com
2026-07-16 12:22:42,867 [INFO] [execute] page=chat_deepseek_com task=chatcmpl-2b6480be04224f8b843a715c prompt='[ACTIONS REUSSIES - Etape 8]\nATTENTION: Ne repete '
2026-07-16 12:22:42,902 [INFO] [execute] Fenetre ID: 20971580
2026-07-16 12:22:42,902 [INFO] [execute] Clic saisie: 402,526
2026-07-16 12:22:42,902 [INFO] [click] Absolu: 402,626
2026-07-16 12:22:43,622 [INFO] [execute] Collage prompt
2026-07-16 12:22:48,628 [WARNING] [subprocess] timeout: ['xclip', '-selection', 'c', '-i', '/tmp/tmpoedocyh2.txt']
2026-07-16 12:22:48,730 [INFO] [type] Collage: [ACTIONS REUSSIES - Etape 8]
ATTENTION: Ne repete ...
2026-07-16 12:22:48,912 [INFO] [type] Collage OK
2026-07-16 12:22:49,214 [INFO] [execute] Clic send: 1129,589
2026-07-16 12:22:49,226 [INFO] [click] Absolu: 1129,689
2026-07-16 12:22:52,440 [INFO] [execute] Tentative copy 1/12...
2026-07-16 12:22:52,440 [INFO] [click] Absolu: 401,540
2026-07-16 12:22:55,996 [INFO] [execute] Tentative copy 2/12...
2026-07-16 12:22:55,996 [INFO] [click] Absolu: 401,540
2026-07-16 12:22:57,089 [INFO] [execute] Reponse (xdotool) apres 14221ms
2026-07-16 12:22:57,867 [INFO] [worker] Execution tache chatcmpl-0d46c2ea046e4e67a6118d62 sur chat_deepseek_com
2026-07-16 12:22:57,869 [INFO] [execute] page=chat_deepseek_com task=chatcmpl-0d46c2ea046e4e67a6118d62 prompt='[ACTIONS REUSSIES - Etape 9]\nATTENTION: Ne repete '
2026-07-16 12:22:57,901 [INFO] [execute] Fenetre ID: 20971580
2026-07-16 12:22:57,901 [INFO] [execute] Clic saisie: 402,526
2026-07-16 12:22:57,902 [INFO] [click] Absolu: 402,626
2026-07-16 12:22:58,621 [INFO] [execute] Collage prompt
2026-07-16 12:23:03,629 [WARNING] [subprocess] timeout: ['xclip', '-selection', 'c', '-i', '/tmp/tmp_kcl20cb.txt']
2026-07-16 12:23:03,731 [INFO] [type] Collage: [ACTIONS REUSSIES - Etape 9]
ATTENTION: Ne repete ...
2026-07-16 12:23:03,924 [INFO] [type] Collage OK
2026-07-16 12:23:04,224 [INFO] [execute] Clic send: 1129,589
2026-07-16 12:23:04,226 [INFO] [click] Absolu: 1129,689
2026-07-16 12:23:07,467 [INFO] [execute] Tentative copy 1/12...
2026-07-16 12:23:07,468 [INFO] [click] Absolu: 401,540
2026-07-16 12:23:11,020 [INFO] [execute] Tentative copy 2/12...
2026-07-16 12:23:11,020 [INFO] [click] Absolu: 401,540
2026-07-16 12:23:12,117 [INFO] [execute] Reponse (xdotool) apres 14247ms
2026-07-16 12:23:12,900 [INFO] [worker] Execution tache chatcmpl-ff189c877fb244edb951ac79 sur chat_deepseek_com
2026-07-16 12:23:12,903 [INFO] [execute] page=chat_deepseek_com task=chatcmpl-ff189c877fb244edb951ac79 prompt='[ACTIONS REUSSIES - Etape 10]\nATTENTION: Ne repete'
2026-07-16 12:23:12,928 [INFO] [execute] Fenetre ID: 20971580
2026-07-16 12:23:12,930 [INFO] [execute] Clic saisie: 402,526
2026-07-16 12:23:12,931 [INFO] [click] Absolu: 402,626
2026-07-16 12:23:13,651 [INFO] [execute] Collage prompt
2026-07-16 12:23:18,659 [WARNING] [subprocess] timeout: ['xclip', '-selection', 'c', '-i', '/tmp/tmpb4p0419l.txt']
2026-07-16 12:23:18,760 [INFO] [type] Collage: [ACTIONS REUSSIES - Etape 10]
ATTENTION: Ne repete...
2026-07-16 12:23:18,960 [INFO] [type] Collage OK
2026-07-16 12:23:19,260 [INFO] [execute] Clic send: 1129,589
2026-07-16 12:23:19,272 [INFO] [click] Absolu: 1129,689
2026-07-16 12:23:22,487 [INFO] [execute] Tentative copy 1/12...
2026-07-16 12:23:22,487 [INFO] [click] Absolu: 401,540
2026-07-16 12:23:26,047 [INFO] [execute] Tentative copy 2/12...
2026-07-16 12:23:26,048 [INFO] [click] Absolu: 401,540
2026-07-16 12:23:27,133 [INFO] [execute] Reponse (xdotool) apres 14230ms
2026-07-16 12:23:27,979 [INFO] [worker] Execution tache chatcmpl-ccbab9297c50418c90dd9718 sur chat_deepseek_com
2026-07-16 12:23:27,982 [INFO] [execute] page=chat_deepseek_com task=chatcmpl-ccbab9297c50418c90dd9718 prompt='[ACTIONS REUSSIES - Etape 11]\nATTENTION: Ne repete'
2026-07-16 12:23:28,008 [INFO] [execute] Fenetre ID: 20971580
2026-07-16 12:23:28,010 [INFO] [execute] Clic saisie: 402,526
2026-07-16 12:23:28,011 [INFO] [click] Absolu: 402,626
2026-07-16 12:23:28,734 [INFO] [execute] Collage prompt
2026-07-16 12:23:33,742 [WARNING] [subprocess] timeout: ['xclip', '-selection', 'c', '-i', '/tmp/tmp5uyb4m6t.txt']
2026-07-16 12:23:33,843 [INFO] [type] Collage: [ACTIONS REUSSIES - Etape 11]
ATTENTION: Ne repete...
2026-07-16 12:23:34,037 [INFO] [type] Collage OK
2026-07-16 12:23:34,338 [INFO] [execute] Clic send: 1129,589
2026-07-16 12:23:34,338 [INFO] [click] Absolu: 1129,689
2026-07-16 12:23:37,553 [INFO] [execute] Tentative copy 1/12...
2026-07-16 12:23:37,554 [INFO] [click] Absolu: 401,540
2026-07-16 12:23:41,106 [INFO] [execute] Tentative copy 2/12...
2026-07-16 12:23:41,107 [INFO] [click] Absolu: 401,540
2026-07-16 12:23:42,178 [INFO] [execute] Reponse (xdotool) apres 14196ms
2026-07-16 12:23:43,030 [INFO] [worker] Execution tache chatcmpl-a803240a7c2a40b6b9bec169 sur chat_deepseek_com
2026-07-16 12:23:43,033 [INFO] [execute] page=chat_deepseek_com task=chatcmpl-a803240a7c2a40b6b9bec169 prompt='[ACTIONS REUSSIES - Etape 12]\nATTENTION: Ne repete'
2026-07-16 12:23:43,061 [INFO] [execute] Fenetre ID: 20971580
2026-07-16 12:23:43,062 [INFO] [execute] Clic saisie: 402,526
2026-07-16 12:23:43,063 [INFO] [click] Absolu: 402,626
2026-07-16 12:23:43,787 [INFO] [execute] Collage prompt
2026-07-16 12:23:48,795 [WARNING] [subprocess] timeout: ['xclip', '-selection', 'c', '-i', '/tmp/tmpp_1yho7r.txt']
2026-07-16 12:23:48,895 [INFO] [type] Collage: [ACTIONS REUSSIES - Etape 12]
ATTENTION: Ne repete...
2026-07-16 12:23:49,083 [INFO] [type] Collage OK
2026-07-16 12:23:49,384 [INFO] [execute] Clic send: 1129,589
2026-07-16 12:23:49,398 [INFO] [click] Absolu: 1129,689
2026-07-16 12:23:52,612 [INFO] [execute] Tentative copy 1/12...
2026-07-16 12:23:52,613 [INFO] [click] Absolu: 401,540
2026-07-16 12:23:56,166 [INFO] [execute] Tentative copy 2/12...
2026-07-16 12:23:56,166 [INFO] [click] Absolu: 401,540
2026-07-16 12:23:57,257 [INFO] [execute] Reponse (xdotool) apres 14225ms
2026-07-16 12:23:58,000 [INFO] [worker] Execution tache chatcmpl-b55c9e30862e479e8fb27630 sur chat_deepseek_com
2026-07-16 12:23:58,005 [INFO] [execute] page=chat_deepseek_com task=chatcmpl-b55c9e30862e479e8fb27630 prompt='[CONTEXTE FEEDBACK - Etape 13]\nPrompt original : T'
2026-07-16 12:23:58,032 [INFO] [execute] Fenetre ID: 20971580
2026-07-16 12:23:58,032 [INFO] [execute] Clic saisie: 402,526
2026-07-16 12:23:58,032 [INFO] [click] Absolu: 402,626
2026-07-16 12:23:58,753 [INFO] [execute] Collage prompt
2026-07-16 12:24:03,758 [WARNING] [subprocess] timeout: ['xclip', '-selection', 'c', '-i', '/tmp/tmpoti9jz2a.txt']
2026-07-16 12:24:03,860 [INFO] [type] Collage: [CONTEXTE FEEDBACK - Etape 13]
Prompt original : T...
2026-07-16 12:24:04,052 [INFO] [type] Collage OK
2026-07-16 12:24:04,354 [INFO] [execute] Clic send: 1129,589
2026-07-16 12:24:04,354 [INFO] [click] Absolu: 1129,689
2026-07-16 12:24:07,567 [INFO] [execute] Tentative copy 1/12...
2026-07-16 12:24:07,567 [INFO] [click] Absolu: 401,540
2026-07-16 12:24:11,120 [INFO] [execute] Tentative copy 2/12...
2026-07-16 12:24:11,121 [INFO] [click] Absolu: 401,540
2026-07-16 12:24:12,196 [INFO] [execute] Reponse (xdotool) apres 14192ms
2026-07-16 12:24:12,974 [INFO] [worker] Execution tache chatcmpl-807e43cceb41446dbc098051 sur chat_deepseek_com
2026-07-16 12:24:12,978 [INFO] [execute] page=chat_deepseek_com task=chatcmpl-807e43cceb41446dbc098051 prompt='[ACTIONS REUSSIES - Etape 14]\nATTENTION: Ne repete'
2026-07-16 12:24:13,008 [INFO] [execute] Fenetre ID: 20971580
2026-07-16 12:24:13,009 [INFO] [execute] Clic saisie: 402,526
2026-07-16 12:24:13,009 [INFO] [click] Absolu: 402,626
2026-07-16 12:24:13,737 [INFO] [execute] Collage prompt
2026-07-16 12:24:18,745 [WARNING] [subprocess] timeout: ['xclip', '-selection', 'c', '-i', '/tmp/tmprg__2s77.txt']
2026-07-16 12:24:18,846 [INFO] [type] Collage: [ACTIONS REUSSIES - Etape 14]
ATTENTION: Ne repete...
2026-07-16 12:24:19,042 [INFO] [type] Collage OK
2026-07-16 12:24:19,344 [INFO] [execute] Clic send: 1129,589
2026-07-16 12:24:19,344 [INFO] [click] Absolu: 1129,689
2026-07-16 12:24:22,558 [INFO] [execute] Tentative copy 1/12...
2026-07-16 12:24:22,567 [INFO] [click] Absolu: 401,540
2026-07-16 12:24:26,128 [INFO] [execute] Tentative copy 2/12...
2026-07-16 12:24:26,129 [INFO] [click] Absolu: 401,540
2026-07-16 12:24:27,218 [INFO] [execute] Reponse (xdotool) apres 14240ms
2026-07-16 12:24:28,006 [INFO] [worker] Execution tache chatcmpl-b405ac4b3a7648fb978c2abe sur chat_deepseek_com
2026-07-16 12:24:28,007 [INFO] [execute] page=chat_deepseek_com task=chatcmpl-b405ac4b3a7648fb978c2abe prompt='[ACTIONS REUSSIES - Etape 15]\nATTENTION: Ne repete'
2026-07-16 12:24:28,034 [INFO] [execute] Fenetre ID: 20971580
2026-07-16 12:24:28,035 [INFO] [execute] Clic saisie: 402,526
2026-07-16 12:24:28,035 [INFO] [click] Absolu: 402,626
2026-07-16 12:24:28,756 [INFO] [execute] Collage prompt
2026-07-16 12:24:33,764 [WARNING] [subprocess] timeout: ['xclip', '-selection', 'c', '-i', '/tmp/tmphl19tzcj.txt']
2026-07-16 12:24:33,866 [INFO] [type] Collage: [ACTIONS REUSSIES - Etape 15]
ATTENTION: Ne repete...
2026-07-16 12:24:34,058 [INFO] [type] Collage OK
2026-07-16 12:24:34,359 [INFO] [execute] Clic send: 1129,589
2026-07-16 12:24:34,360 [INFO] [click] Absolu: 1129,689
2026-07-16 12:24:37,574 [INFO] [execute] Tentative copy 1/12...
2026-07-16 12:24:37,575 [INFO] [click] Absolu: 401,540
2026-07-16 12:24:41,136 [INFO] [execute] Tentative copy 2/12...
2026-07-16 12:24:41,137 [INFO] [click] Absolu: 401,540
2026-07-16 12:24:42,231 [INFO] [execute] Reponse (xdotool) apres 14224ms
2026-07-16 12:24:43,034 [INFO] [worker] Execution tache chatcmpl-354e2a519cc747e481e24548 sur chat_deepseek_com
2026-07-16 12:24:43,038 [INFO] [execute] page=chat_deepseek_com task=chatcmpl-354e2a519cc747e481e24548 prompt='[ACTIONS REUSSIES - Etape 16]\nATTENTION: Ne repete'
2026-07-16 12:24:43,071 [INFO] [execute] Fenetre ID: 20971580
2026-07-16 12:24:43,072 [INFO] [execute] Clic saisie: 402,526
2026-07-16 12:24:43,072 [INFO] [click] Absolu: 402,626
2026-07-16 12:24:43,803 [INFO] [execute] Collage prompt
2026-07-16 12:24:48,811 [WARNING] [subprocess] timeout: ['xclip', '-selection', 'c', '-i', '/tmp/tmp9hgk2im4.txt']
2026-07-16 12:24:48,911 [INFO] [type] Collage: [ACTIONS REUSSIES - Etape 16]
ATTENTION: Ne repete...
2026-07-16 12:24:49,088 [INFO] [type] Collage OK
2026-07-16 12:24:49,389 [INFO] [execute] Clic send: 1129,589
2026-07-16 12:24:49,389 [INFO] [click] Absolu: 1129,689
2026-07-16 12:24:52,604 [INFO] [execute] Tentative copy 1/12...
2026-07-16 12:24:52,615 [INFO] [click] Absolu: 401,540
2026-07-16 12:24:56,172 [INFO] [execute] Tentative copy 2/12...
2026-07-16 12:24:56,172 [INFO] [click] Absolu: 401,540
2026-07-16 12:24:57,259 [INFO] [execute] Reponse (xdotool) apres 14221ms
2026-07-16 12:24:58,024 [INFO] [worker] Execution tache chatcmpl-2592dea6203645299df774b8 sur chat_deepseek_com
2026-07-16 12:24:58,026 [INFO] [execute] page=chat_deepseek_com task=chatcmpl-2592dea6203645299df774b8 prompt='[CONTEXTE FEEDBACK - Etape 17]\nPrompt original : T'
2026-07-16 12:24:58,050 [INFO] [execute] Fenetre ID: 20971580
2026-07-16 12:24:58,052 [INFO] [execute] Clic saisie: 402,526
2026-07-16 12:24:58,053 [INFO] [click] Absolu: 402,626
2026-07-16 12:24:58,775 [INFO] [execute] Collage prompt
2026-07-16 12:25:03,780 [WARNING] [subprocess] timeout: ['xclip', '-selection', 'c', '-i', '/tmp/tmpn_1rhkju.txt']
2026-07-16 12:25:03,881 [INFO] [type] Collage: [CONTEXTE FEEDBACK - Etape 17]
Prompt original : T...
2026-07-16 12:25:04,075 [INFO] [type] Collage OK
2026-07-16 12:25:04,376 [INFO] [execute] Clic send: 1129,589
2026-07-16 12:25:04,377 [INFO] [click] Absolu: 1129,689
2026-07-16 12:25:07,592 [INFO] [execute] Tentative copy 1/12...
2026-07-16 12:25:07,592 [INFO] [click] Absolu: 401,540
2026-07-16 12:25:08,648 [INFO] [execute] Reponse (xdotool) apres 10622ms
2026-07-16 12:25:09,407 [INFO] [worker] Execution tache chatcmpl-5ba529c822a040058fb019b7 sur chat_deepseek_com
2026-07-16 12:25:09,410 [INFO] [execute] page=chat_deepseek_com task=chatcmpl-5ba529c822a040058fb019b7 prompt='[ACTIONS REUSSIES - Etape 18]\nATTENTION: Ne repete'
2026-07-16 12:25:09,438 [INFO] [execute] Fenetre ID: 20971580
2026-07-16 12:25:09,438 [INFO] [execute] Clic saisie: 402,526
2026-07-16 12:25:09,438 [INFO] [click] Absolu: 402,626
2026-07-16 12:25:10,159 [INFO] [execute] Collage prompt
2026-07-16 12:25:15,166 [WARNING] [subprocess] timeout: ['xclip', '-selection', 'c', '-i', '/tmp/tmpl92fnuor.txt']
2026-07-16 12:25:15,268 [INFO] [type] Collage: [ACTIONS REUSSIES - Etape 18]
ATTENTION: Ne repete...
2026-07-16 12:25:15,459 [INFO] [type] Collage OK
2026-07-16 12:25:15,760 [INFO] [execute] Clic send: 1129,589
2026-07-16 12:25:15,760 [INFO] [click] Absolu: 1129,689
2026-07-16 12:25:18,975 [INFO] [execute] Tentative copy 1/12...
2026-07-16 12:25:18,976 [INFO] [click] Absolu: 401,540
2026-07-16 12:25:22,534 [INFO] [execute] Tentative copy 2/12...
2026-07-16 12:25:22,535 [INFO] [click] Absolu: 401,540
2026-07-16 12:25:23,621 [INFO] [execute] Reponse (xdotool) apres 14212ms
2026-07-16 12:25:24,423 [INFO] [worker] Execution tache chatcmpl-d7da5f32677943a2a7ae8e05 sur chat_deepseek_com
2026-07-16 12:25:24,426 [INFO] [execute] page=chat_deepseek_com task=chatcmpl-d7da5f32677943a2a7ae8e05 prompt='[ACTIONS REUSSIES - Etape 19]\nATTENTION: Ne repete'
2026-07-16 12:25:24,458 [INFO] [execute] Fenetre ID: 20971580
2026-07-16 12:25:24,458 [INFO] [execute] Clic saisie: 402,526
2026-07-16 12:25:24,472 [INFO] [click] Absolu: 402,626
2026-07-16 12:25:25,186 [INFO] [execute] Collage prompt
2026-07-16 12:25:30,194 [WARNING] [subprocess] timeout: ['xclip', '-selection', 'c', '-i', '/tmp/tmpwx40ar7a.txt']
2026-07-16 12:25:30,296 [INFO] [type] Collage: [ACTIONS REUSSIES - Etape 19]
ATTENTION: Ne repete...
2026-07-16 12:25:30,483 [INFO] [type] Collage OK
2026-07-16 12:25:30,784 [INFO] [execute] Clic send: 1129,589
2026-07-16 12:25:30,784 [INFO] [click] Absolu: 1129,689
2026-07-16 12:25:33,998 [INFO] [execute] Tentative copy 1/12...
2026-07-16 12:25:33,999 [INFO] [click] Absolu: 401,540
2026-07-16 12:25:37,554 [INFO] [execute] Tentative copy 2/12...
2026-07-16 12:25:37,555 [INFO] [click] Absolu: 401,540
2026-07-16 12:25:38,644 [INFO] [execute] Reponse (xdotool) apres 14218ms
2026-07-16 12:25:39,435 [INFO] [worker] Execution tache chatcmpl-c5d50bcb3caa44f898638032 sur chat_deepseek_com
2026-07-16 12:25:39,436 [INFO] [execute] page=chat_deepseek_com task=chatcmpl-c5d50bcb3caa44f898638032 prompt='[CONTEXTE FEEDBACK - Etape 20]\nPrompt original : T'
2026-07-16 12:25:39,466 [INFO] [execute] Fenetre ID: 20971580
2026-07-16 12:25:39,467 [INFO] [execute] Clic saisie: 402,526
2026-07-16 12:25:39,468 [INFO] [click] Absolu: 402,626
2026-07-16 12:25:40,193 [INFO] [execute] Collage prompt
2026-07-16 12:25:45,198 [WARNING] [subprocess] timeout: ['xclip', '-selection', 'c', '-i', '/tmp/tmpt7qg9ivz.txt']
2026-07-16 12:25:45,300 [INFO] [type] Collage: [CONTEXTE FEEDBACK - Etape 20]
Prompt original : T...
2026-07-16 12:25:45,490 [INFO] [type] Collage OK
2026-07-16 12:25:45,791 [INFO] [execute] Clic send: 1129,589
2026-07-16 12:25:45,791 [INFO] [click] Absolu: 1129,689
2026-07-16 12:25:49,005 [INFO] [execute] Tentative copy 1/12...
2026-07-16 12:25:49,006 [INFO] [click] Absolu: 401,540
2026-07-16 12:25:52,561 [INFO] [execute] Tentative copy 2/12...
2026-07-16 12:25:52,562 [INFO] [click] Absolu: 401,540
2026-07-16 12:25:53,634 [INFO] [execute] Reponse (xdotool) apres 14197ms
2026-07-16 12:25:54,422 [INFO] [worker] Execution tache chatcmpl-f5bde25c589c4ab6b5ab3498 sur chat_deepseek_com
2026-07-16 12:25:54,423 [INFO] [execute] page=chat_deepseek_com task=chatcmpl-f5bde25c589c4ab6b5ab3498 prompt='[ACTIONS REUSSIES - Etape 21]\nATTENTION: Ne repete'
2026-07-16 12:25:54,456 [INFO] [execute] Fenetre ID: 20971580
2026-07-16 12:25:54,457 [INFO] [execute] Clic saisie: 402,526
2026-07-16 12:25:54,457 [INFO] [click] Absolu: 402,626
2026-07-16 12:25:55,182 [INFO] [execute] Collage prompt
2026-07-16 12:26:00,188 [WARNING] [subprocess] timeout: ['xclip', '-selection', 'c', '-i', '/tmp/tmpuiwq9id0.txt']
2026-07-16 12:26:00,290 [INFO] [type] Collage: [ACTIONS REUSSIES - Etape 21]
ATTENTION: Ne repete...
2026-07-16 12:26:00,484 [INFO] [type] Collage OK
2026-07-16 12:26:00,785 [INFO] [execute] Clic send: 1129,589
2026-07-16 12:26:00,798 [INFO] [click] Absolu: 1129,689
2026-07-16 12:26:04,015 [INFO] [execute] Tentative copy 1/12...
2026-07-16 12:26:04,015 [INFO] [click] Absolu: 401,540
2026-07-16 12:26:07,581 [INFO] [execute] Tentative copy 2/12...
2026-07-16 12:26:07,581 [INFO] [click] Absolu: 401,540
2026-07-16 12:26:08,654 [INFO] [execute] Reponse (xdotool) apres 14230ms
2026-07-16 12:26:09,396 [INFO] [worker] Execution tache chatcmpl-02661d83a22049cba9c6e523 sur chat_deepseek_com
2026-07-16 12:26:09,398 [INFO] [execute] page=chat_deepseek_com task=chatcmpl-02661d83a22049cba9c6e523 prompt='[ACTIONS REUSSIES - Etape 22]\nATTENTION: Ne repete'
2026-07-16 12:26:09,427 [INFO] [execute] Fenetre ID: 20971580
2026-07-16 12:26:09,428 [INFO] [execute] Clic saisie: 402,526
2026-07-16 12:26:09,429 [INFO] [click] Absolu: 402,626
2026-07-16 12:26:10,152 [INFO] [execute] Collage prompt
2026-07-16 12:26:15,160 [WARNING] [subprocess] timeout: ['xclip', '-selection', 'c', '-i', '/tmp/tmpjgz0t23q.txt']
2026-07-16 12:26:15,262 [INFO] [type] Collage: [ACTIONS REUSSIES - Etape 22]
ATTENTION: Ne repete...
2026-07-16 12:26:15,455 [INFO] [type] Collage OK
2026-07-16 12:26:15,755 [INFO] [execute] Clic send: 1129,589
2026-07-16 12:26:15,756 [INFO] [click] Absolu: 1129,689
2026-07-16 12:26:18,974 [INFO] [execute] Tentative copy 1/12...
2026-07-16 12:26:18,974 [INFO] [click] Absolu: 401,540
2026-07-16 12:26:20,062 [INFO] [execute] Reponse (xdotool) apres 10663ms
2026-07-16 12:29:06,077 [INFO] [worker] Execution tache chatcmpl-7fc8fbf3ed3a460da646e117 sur chat_deepseek_com
2026-07-16 12:29:06,078 [INFO] [execute] page=chat_deepseek_com task=chatcmpl-7fc8fbf3ed3a460da646e117 prompt="il y a erreur à l'excecution après la mofication"
2026-07-16 12:29:06,088 [INFO] [execute] Fenetre ID: 20971580
2026-07-16 12:29:06,089 [INFO] [execute] Clic saisie: 402,526
2026-07-16 12:29:06,099 [INFO] [click] Absolu: 402,626
2026-07-16 12:29:06,824 [INFO] [execute] Collage prompt
2026-07-16 12:29:11,834 [WARNING] [subprocess] timeout: ['xclip', '-selection', 'c', '-i', '/tmp/tmpv6noamb0.txt']
2026-07-16 12:29:11,935 [INFO] [type] Collage: il y a erreur à l'excecution après la mofication...
2026-07-16 12:29:12,124 [INFO] [type] Collage OK
2026-07-16 12:29:12,425 [INFO] [execute] Clic send: 1129,589
2026-07-16 12:29:12,426 [INFO] [click] Absolu: 1129,689
2026-07-16 12:29:15,654 [INFO] [execute] Tentative copy 1/12...
2026-07-16 12:29:15,655 [INFO] [click] Absolu: 401,540
2026-07-16 12:29:19,214 [INFO] [execute] Tentative copy 2/12...
2026-07-16 12:29:19,215 [INFO] [click] Absolu: 401,540
2026-07-16 12:29:20,312 [INFO] [execute] Reponse (xdotool) apres 14234ms
2026-07-16 12:29:23,545 [INFO] [worker] Execution tache chatcmpl-469bd3c2c5eb4b83b96eebae sur chat_deepseek_com
2026-07-16 12:29:23,547 [INFO] [execute] page=chat_deepseek_com task=chatcmpl-469bd3c2c5eb4b83b96eebae prompt='[CONTEXTE FEEDBACK - Etape 1]\nPrompt original : il'
2026-07-16 12:29:23,574 [INFO] [execute] Fenetre ID: 20971580
2026-07-16 12:29:23,575 [INFO] [execute] Clic saisie: 402,526
2026-07-16 12:29:23,575 [INFO] [click] Absolu: 402,626
2026-07-16 12:29:24,298 [INFO] [execute] Collage prompt
2026-07-16 12:29:29,302 [WARNING] [subprocess] timeout: ['xclip', '-selection', 'c', '-i', '/tmp/tmphqsq_rxo.txt']
2026-07-16 12:29:29,404 [INFO] [type] Collage: [CONTEXTE FEEDBACK - Etape 1]
Prompt original : il...
2026-07-16 12:29:29,593 [INFO] [type] Collage OK
2026-07-16 12:29:29,894 [INFO] [execute] Clic send: 1129,589
2026-07-16 12:29:29,895 [INFO] [click] Absolu: 1129,689
2026-07-16 12:29:33,108 [INFO] [execute] Tentative copy 1/12...
2026-07-16 12:29:33,109 [INFO] [click] Absolu: 401,540
2026-07-16 12:29:36,670 [INFO] [execute] Tentative copy 2/12...
2026-07-16 12:29:36,685 [INFO] [click] Absolu: 401,540
2026-07-16 12:29:37,770 [INFO] [execute] Reponse (xdotool) apres 14223ms
2026-07-16 12:29:38,851 [INFO] [worker] Execution tache chatcmpl-2e50d3b233124d91a9d729ee sur chat_deepseek_com
2026-07-16 12:29:38,854 [INFO] [execute] page=chat_deepseek_com task=chatcmpl-2e50d3b233124d91a9d729ee prompt='[CONTEXTE FEEDBACK - Etape 2]\nPrompt original : il'
2026-07-16 12:29:38,899 [INFO] [execute] Fenetre ID: 20971580
2026-07-16 12:29:38,900 [INFO] [execute] Clic saisie: 402,526
2026-07-16 12:29:38,901 [INFO] [click] Absolu: 402,626
2026-07-16 12:29:39,624 [INFO] [execute] Collage prompt
2026-07-16 12:29:44,627 [WARNING] [subprocess] timeout: ['xclip', '-selection', 'c', '-i', '/tmp/tmp6109euqs.txt']
2026-07-16 12:29:44,728 [INFO] [type] Collage: [CONTEXTE FEEDBACK - Etape 2]
Prompt original : il...
2026-07-16 12:29:44,914 [INFO] [type] Collage OK
2026-07-16 12:29:45,214 [INFO] [execute] Clic send: 1129,589
2026-07-16 12:29:45,215 [INFO] [click] Absolu: 1129,689
2026-07-16 12:29:48,430 [INFO] [execute] Tentative copy 1/12...
2026-07-16 12:29:48,430 [INFO] [click] Absolu: 401,540
2026-07-16 12:29:51,988 [INFO] [execute] Tentative copy 2/12...
2026-07-16 12:29:51,988 [INFO] [click] Absolu: 401,540
2026-07-16 12:29:53,073 [INFO] [execute] Reponse (xdotool) apres 14220ms
2026-07-16 12:29:53,900 [INFO] [worker] Execution tache chatcmpl-10b5a5aac6c24cb6b4748e94 sur chat_deepseek_com
2026-07-16 12:29:53,901 [INFO] [execute] page=chat_deepseek_com task=chatcmpl-10b5a5aac6c24cb6b4748e94 prompt='[ACTIONS REUSSIES - Etape 3]\nATTENTION: Ne repete '
2026-07-16 12:29:53,930 [INFO] [execute] Fenetre ID: 20971580
2026-07-16 12:29:53,931 [INFO] [execute] Clic saisie: 402,526
2026-07-16 12:29:53,931 [INFO] [click] Absolu: 402,626
2026-07-16 12:29:54,649 [INFO] [execute] Collage prompt
2026-07-16 12:29:59,657 [WARNING] [subprocess] timeout: ['xclip', '-selection', 'c', '-i', '/tmp/tmp4f1jn8l3.txt']
2026-07-16 12:29:59,758 [INFO] [type] Collage: [ACTIONS REUSSIES - Etape 3]
ATTENTION: Ne repete ...
2026-07-16 12:29:59,946 [INFO] [type] Collage OK
2026-07-16 12:30:00,247 [INFO] [execute] Clic send: 1129,589
2026-07-16 12:30:00,248 [INFO] [click] Absolu: 1129,689
2026-07-16 12:30:03,472 [INFO] [execute] Tentative copy 1/12...
2026-07-16 12:30:03,472 [INFO] [click] Absolu: 401,540
2026-07-16 12:30:07,029 [INFO] [execute] Tentative copy 2/12...
2026-07-16 12:30:07,044 [INFO] [click] Absolu: 401,540
2026-07-16 12:30:08,128 [INFO] [execute] Reponse (xdotool) apres 14227ms
2026-07-16 12:30:08,951 [INFO] [worker] Execution tache chatcmpl-571c59d4a368483d9cbe45e8 sur chat_deepseek_com
2026-07-16 12:30:08,954 [INFO] [execute] page=chat_deepseek_com task=chatcmpl-571c59d4a368483d9cbe45e8 prompt='[ACTIONS REUSSIES - Etape 4]\nATTENTION: Ne repete '
2026-07-16 12:30:08,982 [INFO] [execute] Fenetre ID: 20971580
2026-07-16 12:30:08,983 [INFO] [execute] Clic saisie: 402,526
2026-07-16 12:30:08,983 [INFO] [click] Absolu: 402,626
2026-07-16 12:30:09,707 [INFO] [execute] Collage prompt
2026-07-16 12:30:14,715 [WARNING] [subprocess] timeout: ['xclip', '-selection', 'c', '-i', '/tmp/tmp0l_4a2bl.txt']
2026-07-16 12:30:14,815 [INFO] [type] Collage: [ACTIONS REUSSIES - Etape 4]
ATTENTION: Ne repete ...
2026-07-16 12:30:15,006 [INFO] [type] Collage OK
2026-07-16 12:30:15,308 [INFO] [execute] Clic send: 1129,589
2026-07-16 12:30:15,308 [INFO] [click] Absolu: 1129,689
2026-07-16 12:30:18,524 [INFO] [execute] Tentative copy 1/12...
2026-07-16 12:30:18,525 [INFO] [click] Absolu: 401,540
2026-07-16 12:30:22,095 [INFO] [execute] Tentative copy 2/12...
2026-07-16 12:30:22,096 [INFO] [click] Absolu: 401,540
2026-07-16 12:30:23,194 [INFO] [execute] Reponse (xdotool) apres 14240ms
2026-07-16 12:30:23,944 [INFO] [worker] Execution tache chatcmpl-90cf11e1754d40349e194679 sur chat_deepseek_com
2026-07-16 12:30:23,946 [INFO] [execute] page=chat_deepseek_com task=chatcmpl-90cf11e1754d40349e194679 prompt='[ACTIONS REUSSIES - Etape 5]\nATTENTION: Ne repete '
2026-07-16 12:30:23,971 [INFO] [execute] Fenetre ID: 20971580
2026-07-16 12:30:23,972 [INFO] [execute] Clic saisie: 402,526
2026-07-16 12:30:23,973 [INFO] [click] Absolu: 402,626
2026-07-16 12:30:24,697 [INFO] [execute] Collage prompt
2026-07-16 12:30:29,706 [WARNING] [subprocess] timeout: ['xclip', '-selection', 'c', '-i', '/tmp/tmp1ih8e8ds.txt']
2026-07-16 12:30:29,807 [INFO] [type] Collage: [ACTIONS REUSSIES - Etape 5]
ATTENTION: Ne repete ...
2026-07-16 12:30:29,995 [INFO] [type] Collage OK
2026-07-16 12:30:30,296 [INFO] [execute] Clic send: 1129,589
2026-07-16 12:30:30,297 [INFO] [click] Absolu: 1129,689
2026-07-16 12:30:33,512 [INFO] [execute] Tentative copy 1/12...
2026-07-16 12:30:33,515 [INFO] [click] Absolu: 401,540
2026-07-16 12:30:37,091 [INFO] [execute] Tentative copy 2/12...
2026-07-16 12:30:37,106 [INFO] [click] Absolu: 401,540
2026-07-16 12:30:38,185 [INFO] [execute] Reponse (xdotool) apres 14239ms
2026-07-16 12:30:38,978 [INFO] [worker] Execution tache chatcmpl-60e090103ec1432aaa54b7a6 sur chat_deepseek_com
2026-07-16 12:30:38,982 [INFO] [execute] page=chat_deepseek_com task=chatcmpl-60e090103ec1432aaa54b7a6 prompt='[ACTIONS REUSSIES - Etape 6]\nATTENTION: Ne repete '
2026-07-16 12:30:39,008 [INFO] [execute] Fenetre ID: 20971580
2026-07-16 12:30:39,009 [INFO] [execute] Clic saisie: 402,526
2026-07-16 12:30:39,010 [INFO] [click] Absolu: 402,626
2026-07-16 12:30:39,733 [INFO] [execute] Collage prompt
2026-07-16 12:30:44,741 [WARNING] [subprocess] timeout: ['xclip', '-selection', 'c', '-i', '/tmp/tmpj1sal31o.txt']
2026-07-16 12:30:44,842 [INFO] [type] Collage: [ACTIONS REUSSIES - Etape 6]
ATTENTION: Ne repete ...
2026-07-16 12:30:45,043 [INFO] [type] Collage OK
2026-07-16 12:30:45,344 [INFO] [execute] Clic send: 1129,589
2026-07-16 12:30:45,345 [INFO] [click] Absolu: 1129,689
2026-07-16 12:30:48,558 [INFO] [execute] Tentative copy 1/12...
2026-07-16 12:30:48,559 [INFO] [click] Absolu: 401,540
2026-07-16 12:30:52,113 [INFO] [execute] Tentative copy 2/12...
2026-07-16 12:30:52,113 [INFO] [click] Absolu: 401,540
2026-07-16 12:30:53,201 [INFO] [execute] Reponse (xdotool) apres 14219ms
2026-07-16 12:30:54,370 [INFO] [worker] Execution tache chatcmpl-ac3dd9d41ecf407399a62e13 sur chat_deepseek_com
2026-07-16 12:30:54,372 [INFO] [execute] page=chat_deepseek_com task=chatcmpl-ac3dd9d41ecf407399a62e13 prompt='[ACTIONS REUSSIES - Etape 7]\nATTENTION: Ne repete '
2026-07-16 12:30:54,400 [INFO] [execute] Fenetre ID: 20971580
2026-07-16 12:30:54,401 [INFO] [execute] Clic saisie: 402,526
2026-07-16 12:30:54,402 [INFO] [click] Absolu: 402,626
2026-07-16 12:30:55,128 [INFO] [execute] Collage prompt
2026-07-16 12:31:00,133 [WARNING] [subprocess] timeout: ['xclip', '-selection', 'c', '-i', '/tmp/tmp9tkv955_.txt']
2026-07-16 12:31:00,234 [INFO] [type] Collage: [ACTIONS REUSSIES - Etape 7]
ATTENTION: Ne repete ...
2026-07-16 12:31:00,422 [INFO] [type] Collage OK
2026-07-16 12:31:00,724 [INFO] [execute] Clic send: 1129,589
2026-07-16 12:31:00,724 [INFO] [click] Absolu: 1129,689
2026-07-16 12:31:03,940 [INFO] [execute] Tentative copy 1/12...
2026-07-16 12:31:03,941 [INFO] [click] Absolu: 401,540
2026-07-16 12:31:07,492 [INFO] [execute] Tentative copy 2/12...
2026-07-16 12:31:07,508 [INFO] [click] Absolu: 401,540
2026-07-16 12:31:08,599 [INFO] [execute] Reponse (xdotool) apres 14226ms
2026-07-16 12:31:09,434 [INFO] [worker] Execution tache chatcmpl-15b83085973d42daa98cb6db sur chat_deepseek_com
2026-07-16 12:31:09,438 [INFO] [execute] page=chat_deepseek_com task=chatcmpl-15b83085973d42daa98cb6db prompt='[ACTIONS REUSSIES - Etape 8]\nATTENTION: Ne repete '
2026-07-16 12:31:09,465 [INFO] [execute] Fenetre ID: 20971580
2026-07-16 12:31:09,467 [INFO] [execute] Clic saisie: 402,526
2026-07-16 12:31:09,467 [INFO] [click] Absolu: 402,626
2026-07-16 12:31:10,190 [INFO] [execute] Collage prompt
2026-07-16 12:31:15,198 [WARNING] [subprocess] timeout: ['xclip', '-selection', 'c', '-i', '/tmp/tmph56lx2fn.txt']
2026-07-16 12:31:15,300 [INFO] [type] Collage: [ACTIONS REUSSIES - Etape 8]
ATTENTION: Ne repete ...
2026-07-16 12:31:15,490 [INFO] [type] Collage OK
2026-07-16 12:31:15,791 [INFO] [execute] Clic send: 1129,589
2026-07-16 12:31:15,792 [INFO] [click] Absolu: 1129,689
2026-07-16 12:31:19,007 [INFO] [execute] Tentative copy 1/12...
2026-07-16 12:31:19,007 [INFO] [click] Absolu: 401,540
2026-07-16 12:31:22,574 [INFO] [execute] Tentative copy 2/12...
2026-07-16 12:31:22,574 [INFO] [click] Absolu: 401,540
2026-07-16 12:31:23,664 [INFO] [execute] Reponse (xdotool) apres 14226ms
2026-07-16 12:31:24,507 [INFO] [worker] Execution tache chatcmpl-54269f0f459f4297a7c7e752 sur chat_deepseek_com
2026-07-16 12:31:24,511 [INFO] [execute] page=chat_deepseek_com task=chatcmpl-54269f0f459f4297a7c7e752 prompt='[ACTIONS REUSSIES - Etape 9]\nATTENTION: Ne repete '
2026-07-16 12:31:24,539 [INFO] [execute] Fenetre ID: 20971580
2026-07-16 12:31:24,539 [INFO] [execute] Clic saisie: 402,526
2026-07-16 12:31:24,539 [INFO] [click] Absolu: 402,626
2026-07-16 12:31:25,263 [INFO] [execute] Collage prompt
2026-07-16 12:31:30,267 [WARNING] [subprocess] timeout: ['xclip', '-selection', 'c', '-i', '/tmp/tmpigkz9t9b.txt']
2026-07-16 12:31:30,368 [INFO] [type] Collage: [ACTIONS REUSSIES - Etape 9]
ATTENTION: Ne repete ...
2026-07-16 12:31:30,560 [INFO] [type] Collage OK
2026-07-16 12:31:30,861 [INFO] [execute] Clic send: 1129,589
2026-07-16 12:31:30,862 [INFO] [click] Absolu: 1129,689
2026-07-16 12:31:34,083 [INFO] [execute] Tentative copy 1/12...
2026-07-16 12:31:34,084 [INFO] [click] Absolu: 401,540
2026-07-16 12:31:37,653 [INFO] [execute] Tentative copy 2/12...
2026-07-16 12:31:37,669 [INFO] [click] Absolu: 401,540
2026-07-16 12:31:38,758 [INFO] [execute] Reponse (xdotool) apres 14247ms
2026-07-16 12:31:39,728 [INFO] [worker] Execution tache chatcmpl-5cfbc7202f694348a134e654 sur chat_deepseek_com
2026-07-16 12:31:39,732 [INFO] [execute] page=chat_deepseek_com task=chatcmpl-5cfbc7202f694348a134e654 prompt='[ACTIONS REUSSIES - Etape 10]\nATTENTION: Ne repete'
2026-07-16 12:31:39,769 [INFO] [execute] Fenetre ID: 20971580
2026-07-16 12:31:39,770 [INFO] [execute] Clic saisie: 402,526
2026-07-16 12:31:39,770 [INFO] [click] Absolu: 402,626
2026-07-16 12:31:40,489 [INFO] [execute] Collage prompt
2026-07-16 12:31:45,495 [WARNING] [subprocess] timeout: ['xclip', '-selection', 'c', '-i', '/tmp/tmpxto0nt91.txt']
2026-07-16 12:31:45,598 [INFO] [type] Collage: [ACTIONS REUSSIES - Etape 10]
ATTENTION: Ne repete...
2026-07-16 12:31:45,784 [INFO] [type] Collage OK
2026-07-16 12:31:46,085 [INFO] [execute] Clic send: 1129,589
2026-07-16 12:31:46,085 [INFO] [click] Absolu: 1129,689
2026-07-16 12:31:49,299 [INFO] [execute] Tentative copy 1/12...
2026-07-16 12:31:49,300 [INFO] [click] Absolu: 401,540
2026-07-16 12:31:52,863 [INFO] [execute] Tentative copy 2/12...
2026-07-16 12:31:52,864 [INFO] [click] Absolu: 401,540
2026-07-16 12:31:53,942 [INFO] [execute] Reponse (xdotool) apres 14210ms
2026-07-16 12:31:54,704 [INFO] [worker] Execution tache chatcmpl-0255d8e3301348c99595bbb9 sur chat_deepseek_com
2026-07-16 12:31:54,708 [INFO] [execute] page=chat_deepseek_com task=chatcmpl-0255d8e3301348c99595bbb9 prompt='[ACTIONS REUSSIES - Etape 11]\nATTENTION: Ne repete'
2026-07-16 12:31:54,735 [INFO] [execute] Fenetre ID: 20971580
2026-07-16 12:31:54,735 [INFO] [execute] Clic saisie: 402,526
2026-07-16 12:31:54,736 [INFO] [click] Absolu: 402,626
2026-07-16 12:31:55,457 [INFO] [execute] Collage prompt
2026-07-16 12:32:00,464 [WARNING] [subprocess] timeout: ['xclip', '-selection', 'c', '-i', '/tmp/tmppwihgsz7.txt']
2026-07-16 12:32:00,566 [INFO] [type] Collage: [ACTIONS REUSSIES - Etape 11]
ATTENTION: Ne repete...
2026-07-16 12:32:00,753 [INFO] [type] Collage OK
2026-07-16 12:32:01,053 [INFO] [execute] Clic send: 1129,589
2026-07-16 12:32:01,054 [INFO] [click] Absolu: 1129,689
2026-07-16 12:32:04,268 [INFO] [execute] Tentative copy 1/12...
2026-07-16 12:32:04,268 [INFO] [click] Absolu: 401,540
2026-07-16 12:32:07,822 [INFO] [execute] Tentative copy 2/12...
2026-07-16 12:32:07,833 [INFO] [click] Absolu: 401,540
2026-07-16 12:32:08,911 [INFO] [execute] Reponse (xdotool) apres 14203ms
2026-07-16 12:32:09,682 [INFO] [worker] Execution tache chatcmpl-ef4af085c0ee4586ab2b2f42 sur chat_deepseek_com
2026-07-16 12:32:09,686 [INFO] [execute] page=chat_deepseek_com task=chatcmpl-ef4af085c0ee4586ab2b2f42 prompt='[ACTIONS REUSSIES - Etape 12]\nATTENTION: Ne repete'
2026-07-16 12:32:09,712 [INFO] [execute] Fenetre ID: 20971580
2026-07-16 12:32:09,713 [INFO] [execute] Clic saisie: 402,526
2026-07-16 12:32:09,713 [INFO] [click] Absolu: 402,626
2026-07-16 12:32:10,439 [INFO] [execute] Collage prompt
2026-07-16 12:32:15,446 [WARNING] [subprocess] timeout: ['xclip', '-selection', 'c', '-i', '/tmp/tmp2kzer1mm.txt']
2026-07-16 12:32:15,548 [INFO] [type] Collage: [ACTIONS REUSSIES - Etape 12]
ATTENTION: Ne repete...
2026-07-16 12:32:15,730 [INFO] [type] Collage OK
2026-07-16 12:32:16,032 [INFO] [execute] Clic send: 1129,589
2026-07-16 12:32:16,032 [INFO] [click] Absolu: 1129,689
2026-07-16 12:32:19,246 [INFO] [execute] Tentative copy 1/12...
2026-07-16 12:32:19,247 [INFO] [click] Absolu: 401,540
2026-07-16 12:32:22,797 [INFO] [execute] Tentative copy 2/12...
2026-07-16 12:32:22,798 [INFO] [click] Absolu: 401,540
2026-07-16 12:32:23,897 [INFO] [execute] Reponse (xdotool) apres 14211ms
2026-07-16 12:32:24,665 [INFO] [worker] Execution tache chatcmpl-ffe71f551fb54d8883ca3b62 sur chat_deepseek_com
2026-07-16 12:32:24,669 [INFO] [execute] page=chat_deepseek_com task=chatcmpl-ffe71f551fb54d8883ca3b62 prompt='[ACTIONS REUSSIES - Etape 13]\nATTENTION: Ne repete'
2026-07-16 12:32:24,696 [INFO] [execute] Fenetre ID: 20971580
2026-07-16 12:32:24,697 [INFO] [execute] Clic saisie: 402,526
2026-07-16 12:32:24,697 [INFO] [click] Absolu: 402,626
2026-07-16 12:32:25,419 [INFO] [execute] Collage prompt
2026-07-16 12:32:30,427 [WARNING] [subprocess] timeout: ['xclip', '-selection', 'c', '-i', '/tmp/tmpbsxg_oa5.txt']
2026-07-16 12:32:30,529 [INFO] [type] Collage: [ACTIONS REUSSIES - Etape 13]
ATTENTION: Ne repete...
2026-07-16 12:32:30,717 [INFO] [type] Collage OK
2026-07-16 12:32:31,018 [INFO] [execute] Clic send: 1129,589
2026-07-16 12:32:31,019 [INFO] [click] Absolu: 1129,689
2026-07-16 12:32:34,234 [INFO] [execute] Tentative copy 1/12...
2026-07-16 12:32:34,234 [INFO] [click] Absolu: 401,540
2026-07-16 12:32:35,305 [INFO] [execute] Reponse (xdotool) apres 10636ms
2026-07-16 12:32:36,044 [INFO] [worker] Execution tache chatcmpl-07dfeeb72e6b4632bc40d9e2 sur chat_deepseek_com
2026-07-16 12:32:36,047 [INFO] [execute] page=chat_deepseek_com task=chatcmpl-07dfeeb72e6b4632bc40d9e2 prompt='[ACTIONS REUSSIES - Etape 14]\nATTENTION: Ne repete'
2026-07-16 12:32:36,073 [INFO] [execute] Fenetre ID: 20971580
2026-07-16 12:32:36,074 [INFO] [execute] Clic saisie: 402,526
2026-07-16 12:32:36,075 [INFO] [click] Absolu: 402,626
2026-07-16 12:32:36,797 [INFO] [execute] Collage prompt
2026-07-16 12:32:41,805 [WARNING] [subprocess] timeout: ['xclip', '-selection', 'c', '-i', '/tmp/tmpdpt78dke.txt']
2026-07-16 12:32:41,907 [INFO] [type] Collage: [ACTIONS REUSSIES - Etape 14]
ATTENTION: Ne repete...
2026-07-16 12:32:42,094 [INFO] [type] Collage OK
2026-07-16 12:32:42,396 [INFO] [execute] Clic send: 1129,589
2026-07-16 12:32:42,416 [INFO] [click] Absolu: 1129,689
2026-07-16 12:32:45,630 [INFO] [execute] Tentative copy 1/12...
2026-07-16 12:32:45,630 [INFO] [click] Absolu: 401,540
2026-07-16 12:32:49,186 [INFO] [execute] Tentative copy 2/12...
2026-07-16 12:32:49,187 [INFO] [click] Absolu: 401,540
2026-07-16 12:32:50,280 [INFO] [execute] Reponse (xdotool) apres 14234ms
2026-07-16 12:32:51,044 [INFO] [worker] Execution tache chatcmpl-11ea8cd81dff4a25b07f07e3 sur chat_deepseek_com
2026-07-16 12:32:51,045 [INFO] [execute] page=chat_deepseek_com task=chatcmpl-11ea8cd81dff4a25b07f07e3 prompt='[ACTIONS REUSSIES - Etape 15]\nATTENTION: Ne repete'
2026-07-16 12:32:51,074 [INFO] [execute] Fenetre ID: 20971580
2026-07-16 12:32:51,075 [INFO] [execute] Clic saisie: 402,526
2026-07-16 12:32:51,075 [INFO] [click] Absolu: 402,626
2026-07-16 12:32:51,798 [INFO] [execute] Collage prompt
2026-07-16 12:32:56,806 [WARNING] [subprocess] timeout: ['xclip', '-selection', 'c', '-i', '/tmp/tmp9z3fbb6_.txt']
2026-07-16 12:32:56,907 [INFO] [type] Collage: [ACTIONS REUSSIES - Etape 15]
ATTENTION: Ne repete...
2026-07-16 12:32:57,095 [INFO] [type] Collage OK
2026-07-16 12:32:57,396 [INFO] [execute] Clic send: 1129,589
2026-07-16 12:32:57,397 [INFO] [click] Absolu: 1129,689
2026-07-16 12:33:00,613 [INFO] [execute] Tentative copy 1/12...
2026-07-16 12:33:00,613 [INFO] [click] Absolu: 401,540
2026-07-16 12:33:04,193 [INFO] [execute] Tentative copy 2/12...
2026-07-16 12:33:04,193 [INFO] [click] Absolu: 401,540
2026-07-16 12:33:05,274 [INFO] [execute] Reponse (xdotool) apres 14228ms
2026-07-16 12:33:06,015 [INFO] [worker] Execution tache chatcmpl-13e2cfa80a0e4f7f937b2f70 sur chat_deepseek_com
2026-07-16 12:33:06,017 [INFO] [execute] page=chat_deepseek_com task=chatcmpl-13e2cfa80a0e4f7f937b2f70 prompt='[ACTIONS REUSSIES - Etape 16]\nATTENTION: Ne repete'
2026-07-16 12:33:06,045 [INFO] [execute] Fenetre ID: 20971580
2026-07-16 12:33:06,046 [INFO] [execute] Clic saisie: 402,526
2026-07-16 12:33:06,046 [INFO] [click] Absolu: 402,626
2026-07-16 12:33:06,772 [INFO] [execute] Collage prompt
2026-07-16 12:33:11,781 [WARNING] [subprocess] timeout: ['xclip', '-selection', 'c', '-i', '/tmp/tmp63juj4yq.txt']
2026-07-16 12:33:11,884 [INFO] [type] Collage: [ACTIONS REUSSIES - Etape 16]
ATTENTION: Ne repete...
2026-07-16 12:33:12,070 [INFO] [type] Collage OK
2026-07-16 12:33:12,371 [INFO] [execute] Clic send: 1129,589
2026-07-16 12:33:12,371 [INFO] [click] Absolu: 1129,689
2026-07-16 12:33:15,585 [INFO] [execute] Tentative copy 1/12...
2026-07-16 12:33:15,597 [INFO] [click] Absolu: 401,540
2026-07-16 12:33:19,155 [INFO] [execute] Tentative copy 2/12...
2026-07-16 12:33:19,155 [INFO] [click] Absolu: 401,540
2026-07-16 12:33:20,239 [INFO] [execute] Reponse (xdotool) apres 14221ms
2026-07-16 12:33:21,006 [INFO] [worker] Execution tache chatcmpl-1b355b1453534b65982b40b1 sur chat_deepseek_com
2026-07-16 12:33:21,009 [INFO] [execute] page=chat_deepseek_com task=chatcmpl-1b355b1453534b65982b40b1 prompt='[ACTIONS REUSSIES - Etape 17]\nATTENTION: Ne repete'
2026-07-16 12:33:21,045 [INFO] [execute] Fenetre ID: 20971580
2026-07-16 12:33:21,045 [INFO] [execute] Clic saisie: 402,526
2026-07-16 12:33:21,046 [INFO] [click] Absolu: 402,626
2026-07-16 12:33:21,772 [INFO] [execute] Collage prompt
2026-07-16 12:33:26,779 [WARNING] [subprocess] timeout: ['xclip', '-selection', 'c', '-i', '/tmp/tmpeyps0997.txt']
2026-07-16 12:33:26,880 [INFO] [type] Collage: [ACTIONS REUSSIES - Etape 17]
ATTENTION: Ne repete...
2026-07-16 12:33:27,065 [INFO] [type] Collage OK
2026-07-16 12:33:27,366 [INFO] [execute] Clic send: 1129,589
2026-07-16 12:33:27,367 [INFO] [click] Absolu: 1129,689
2026-07-16 12:33:30,590 [INFO] [execute] Tentative copy 1/12...
2026-07-16 12:33:30,590 [INFO] [click] Absolu: 401,540
2026-07-16 12:33:34,151 [INFO] [execute] Tentative copy 2/12...
2026-07-16 12:33:34,152 [INFO] [click] Absolu: 401,540
2026-07-16 12:33:35,239 [INFO] [execute] Reponse (xdotool) apres 14230ms
2026-07-16 12:33:36,013 [INFO] [worker] Execution tache chatcmpl-c89866e7c2ca4141b0a11b22 sur chat_deepseek_com
2026-07-16 12:33:36,016 [INFO] [execute] page=chat_deepseek_com task=chatcmpl-c89866e7c2ca4141b0a11b22 prompt='[ACTIONS REUSSIES - Etape 18]\nATTENTION: Ne repete'
2026-07-16 12:33:36,049 [INFO] [execute] Fenetre ID: 20971580
2026-07-16 12:33:36,050 [INFO] [execute] Clic saisie: 402,526
2026-07-16 12:33:36,050 [INFO] [click] Absolu: 402,626
2026-07-16 12:33:36,774 [INFO] [execute] Collage prompt
2026-07-16 12:33:41,781 [WARNING] [subprocess] timeout: ['xclip', '-selection', 'c', '-i', '/tmp/tmpf_so9r4p.txt']
2026-07-16 12:33:41,882 [INFO] [type] Collage: [ACTIONS REUSSIES - Etape 18]
ATTENTION: Ne repete...
2026-07-16 12:33:42,071 [INFO] [type] Collage OK
2026-07-16 12:33:42,372 [INFO] [execute] Clic send: 1129,589
2026-07-16 12:33:42,373 [INFO] [click] Absolu: 1129,689
2026-07-16 12:33:45,588 [INFO] [execute] Tentative copy 1/12...
2026-07-16 12:33:45,600 [INFO] [click] Absolu: 401,540
2026-07-16 12:33:46,679 [INFO] [execute] Reponse (xdotool) apres 10663ms
2026-07-16 12:33:47,389 [INFO] [worker] Execution tache chatcmpl-5c954572b0a1421fb69183ea sur chat_deepseek_com
2026-07-16 12:33:47,392 [INFO] [execute] page=chat_deepseek_com task=chatcmpl-5c954572b0a1421fb69183ea prompt='[ACTIONS REUSSIES - Etape 19]\nATTENTION: Ne repete'
2026-07-16 12:33:47,418 [INFO] [execute] Fenetre ID: 20971580
2026-07-16 12:33:47,419 [INFO] [execute] Clic saisie: 402,526
2026-07-16 12:33:47,420 [INFO] [click] Absolu: 402,626
2026-07-16 12:33:48,141 [INFO] [execute] Collage prompt
2026-07-16 12:33:53,150 [WARNING] [subprocess] timeout: ['xclip', '-selection', 'c', '-i', '/tmp/tmpivqyv_8c.txt']
2026-07-16 12:33:53,251 [INFO] [type] Collage: [ACTIONS REUSSIES - Etape 19]
ATTENTION: Ne repete...
2026-07-16 12:33:53,440 [INFO] [type] Collage OK
2026-07-16 12:33:53,742 [INFO] [execute] Clic send: 1129,589
2026-07-16 12:33:53,742 [INFO] [click] Absolu: 1129,689
2026-07-16 12:33:56,969 [INFO] [execute] Tentative copy 1/12...
2026-07-16 12:33:56,970 [INFO] [click] Absolu: 401,540
2026-07-16 12:34:00,529 [INFO] [execute] Tentative copy 2/12...
2026-07-16 12:34:00,529 [INFO] [click] Absolu: 401,540
2026-07-16 12:34:01,604 [INFO] [execute] Reponse (xdotool) apres 14212ms
2026-07-16 12:34:02,627 [INFO] [worker] Execution tache chatcmpl-06cb6d2b0f164f22a7402283 sur chat_deepseek_com
2026-07-16 12:34:02,634 [INFO] [execute] page=chat_deepseek_com task=chatcmpl-06cb6d2b0f164f22a7402283 prompt='[ACTIONS REUSSIES - Etape 20]\nATTENTION: Ne repete'
2026-07-16 12:34:02,670 [INFO] [execute] Fenetre ID: 20971580
2026-07-16 12:34:02,670 [INFO] [execute] Clic saisie: 402,526
2026-07-16 12:34:02,670 [INFO] [click] Absolu: 402,626
2026-07-16 12:34:03,387 [INFO] [execute] Collage prompt
2026-07-16 12:34:08,396 [WARNING] [subprocess] timeout: ['xclip', '-selection', 'c', '-i', '/tmp/tmpnfz_9yk8.txt']
2026-07-16 12:34:08,497 [INFO] [type] Collage: [ACTIONS REUSSIES - Etape 20]
ATTENTION: Ne repete...
2026-07-16 12:34:08,691 [INFO] [type] Collage OK
2026-07-16 12:34:08,992 [INFO] [execute] Clic send: 1129,589
2026-07-16 12:34:08,993 [INFO] [click] Absolu: 1129,689
2026-07-16 12:34:12,213 [INFO] [execute] Tentative copy 1/12...
2026-07-16 12:34:12,213 [INFO] [click] Absolu: 401,540
2026-07-16 12:34:15,779 [INFO] [execute] Tentative copy 2/12...
2026-07-16 12:34:15,794 [INFO] [click] Absolu: 401,540
2026-07-16 12:34:16,890 [INFO] [execute] Reponse (xdotool) apres 14257ms
2026-07-16 12:34:17,604 [INFO] [worker] Execution tache chatcmpl-6e5b87ad9f3f436a8f578358 sur chat_deepseek_com
2026-07-16 12:34:17,606 [INFO] [execute] page=chat_deepseek_com task=chatcmpl-6e5b87ad9f3f436a8f578358 prompt='[ACTIONS REUSSIES - Etape 21]\nATTENTION: Ne repete'
2026-07-16 12:34:17,642 [INFO] [execute] Fenetre ID: 20971580
2026-07-16 12:34:17,646 [INFO] [execute] Clic saisie: 402,526
2026-07-16 12:34:17,647 [INFO] [click] Absolu: 402,626
2026-07-16 12:34:18,376 [INFO] [execute] Collage prompt
2026-07-16 12:34:23,384 [WARNING] [subprocess] timeout: ['xclip', '-selection', 'c', '-i', '/tmp/tmp8p3byk2c.txt']
2026-07-16 12:34:23,486 [INFO] [type] Collage: [ACTIONS REUSSIES - Etape 21]
ATTENTION: Ne repete...
2026-07-16 12:34:23,673 [INFO] [type] Collage OK
2026-07-16 12:34:23,975 [INFO] [execute] Clic send: 1129,589
2026-07-16 12:34:23,975 [INFO] [click] Absolu: 1129,689
2026-07-16 12:34:27,188 [INFO] [execute] Tentative copy 1/12...
2026-07-16 12:34:27,189 [INFO] [click] Absolu: 401,540
2026-07-16 12:34:30,740 [INFO] [execute] Tentative copy 2/12...
2026-07-16 12:34:30,740 [INFO] [click] Absolu: 401,540
2026-07-16 12:34:31,837 [INFO] [execute] Reponse (xdotool) apres 14231ms
2026-07-16 12:34:32,857 [INFO] [worker] Execution tache chatcmpl-821d37545eb546d5afd0452f sur chat_deepseek_com
2026-07-16 12:34:32,860 [INFO] [execute] page=chat_deepseek_com task=chatcmpl-821d37545eb546d5afd0452f prompt='[ACTIONS REUSSIES - Etape 22]\nATTENTION: Ne repete'
2026-07-16 12:34:32,898 [INFO] [execute] Fenetre ID: 20971580
2026-07-16 12:34:32,898 [INFO] [execute] Clic saisie: 402,526
2026-07-16 12:34:32,898 [INFO] [click] Absolu: 402,626
2026-07-16 12:34:33,621 [INFO] [execute] Collage prompt
2026-07-16 12:34:38,628 [WARNING] [subprocess] timeout: ['xclip', '-selection', 'c', '-i', '/tmp/tmp5fe_4a37.txt']
2026-07-16 12:34:38,729 [INFO] [type] Collage: [ACTIONS REUSSIES - Etape 22]
ATTENTION: Ne repete...
2026-07-16 12:34:38,923 [INFO] [type] Collage OK
2026-07-16 12:34:39,224 [INFO] [execute] Clic send: 1129,589
2026-07-16 12:34:39,224 [INFO] [click] Absolu: 1129,689
2026-07-16 12:34:42,445 [INFO] [execute] Tentative copy 1/12...
2026-07-16 12:34:42,445 [INFO] [click] Absolu: 401,540
2026-07-16 12:34:43,508 [INFO] [execute] Reponse (xdotool) apres 10649ms
2026-07-16 12:34:44,247 [INFO] [worker] Execution tache chatcmpl-333acdc942fa4ce491213946 sur chat_deepseek_com
2026-07-16 12:34:44,250 [INFO] [execute] page=chat_deepseek_com task=chatcmpl-333acdc942fa4ce491213946 prompt='[ACTIONS REUSSIES - Etape 23]\nATTENTION: Ne repete'
2026-07-16 12:34:44,277 [INFO] [execute] Fenetre ID: 20971580
2026-07-16 12:34:44,278 [INFO] [execute] Clic saisie: 402,526
2026-07-16 12:34:44,279 [INFO] [click] Absolu: 402,626
2026-07-16 12:34:45,003 [INFO] [execute] Collage prompt
2026-07-16 12:34:50,011 [WARNING] [subprocess] timeout: ['xclip', '-selection', 'c', '-i', '/tmp/tmpys6mt23l.txt']
2026-07-16 12:34:50,111 [INFO] [type] Collage: [ACTIONS REUSSIES - Etape 23]
ATTENTION: Ne repete...
2026-07-16 12:34:50,295 [INFO] [type] Collage OK
2026-07-16 12:34:50,596 [INFO] [execute] Clic send: 1129,589
2026-07-16 12:34:50,609 [INFO] [click] Absolu: 1129,689
2026-07-16 12:34:53,824 [INFO] [execute] Tentative copy 1/12...
2026-07-16 12:34:53,825 [INFO] [click] Absolu: 401,540
2026-07-16 12:34:57,386 [INFO] [execute] Tentative copy 2/12...
2026-07-16 12:34:57,387 [INFO] [click] Absolu: 401,540
2026-07-16 12:34:58,474 [INFO] [execute] Reponse (xdotool) apres 14224ms
2026-07-16 12:34:59,203 [INFO] [worker] Execution tache chatcmpl-c432d59908d04cee915169ab sur chat_deepseek_com
2026-07-16 12:34:59,206 [INFO] [execute] page=chat_deepseek_com task=chatcmpl-c432d59908d04cee915169ab prompt='[ACTIONS REUSSIES - Etape 24]\nATTENTION: Ne repete'
2026-07-16 12:34:59,233 [INFO] [execute] Fenetre ID: 20971580
2026-07-16 12:34:59,234 [INFO] [execute] Clic saisie: 402,526
2026-07-16 12:34:59,234 [INFO] [click] Absolu: 402,626
2026-07-16 12:34:59,958 [INFO] [execute] Collage prompt
2026-07-16 12:35:04,965 [WARNING] [subprocess] timeout: ['xclip', '-selection', 'c', '-i', '/tmp/tmp6e2drksr.txt']
2026-07-16 12:35:05,066 [INFO] [type] Collage: [ACTIONS REUSSIES - Etape 24]
ATTENTION: Ne repete...
2026-07-16 12:35:05,248 [INFO] [type] Collage OK
2026-07-16 12:35:05,549 [INFO] [execute] Clic send: 1129,589
2026-07-16 12:35:05,550 [INFO] [click] Absolu: 1129,689
2026-07-16 12:35:08,763 [INFO] [execute] Tentative copy 1/12...
2026-07-16 12:35:08,763 [INFO] [click] Absolu: 401,540
2026-07-16 12:35:12,319 [INFO] [execute] Tentative copy 2/12...
2026-07-16 12:35:12,320 [INFO] [click] Absolu: 401,540
2026-07-16 12:35:13,413 [INFO] [execute] Reponse (xdotool) apres 14206ms
2026-07-16 12:35:14,416 [INFO] [worker] Execution tache chatcmpl-6c46e7d84e094232ae724977 sur chat_deepseek_com
2026-07-16 12:35:14,420 [INFO] [execute] page=chat_deepseek_com task=chatcmpl-6c46e7d84e094232ae724977 prompt='[ACTIONS REUSSIES - Etape 25]\nATTENTION: Ne repete'
2026-07-16 12:35:14,447 [INFO] [execute] Fenetre ID: 20971580
2026-07-16 12:35:14,448 [INFO] [execute] Clic saisie: 402,526
2026-07-16 12:35:14,448 [INFO] [click] Absolu: 402,626
2026-07-16 12:35:15,171 [INFO] [execute] Collage prompt
2026-07-16 12:35:20,179 [WARNING] [subprocess] timeout: ['xclip', '-selection', 'c', '-i', '/tmp/tmp3t2p_kay.txt']
2026-07-16 12:35:20,280 [INFO] [type] Collage: [ACTIONS REUSSIES - Etape 25]
ATTENTION: Ne repete...
2026-07-16 12:35:20,466 [INFO] [type] Collage OK
2026-07-16 12:35:20,768 [INFO] [execute] Clic send: 1129,589
2026-07-16 12:35:20,779 [INFO] [click] Absolu: 1129,689
2026-07-16 12:35:23,993 [INFO] [execute] Tentative copy 1/12...
2026-07-16 12:35:23,993 [INFO] [click] Absolu: 401,540
2026-07-16 12:35:27,551 [INFO] [execute] Tentative copy 2/12...
2026-07-16 12:35:27,552 [INFO] [click] Absolu: 401,540
2026-07-16 12:35:28,632 [INFO] [execute] Reponse (xdotool) apres 14212ms
2026-07-16 12:35:29,556 [INFO] [worker] Execution tache chatcmpl-a365eedb05c84c5b96ffe828 sur chat_deepseek_com
2026-07-16 12:35:29,559 [INFO] [execute] page=chat_deepseek_com task=chatcmpl-a365eedb05c84c5b96ffe828 prompt='[ACTIONS REUSSIES - Etape 26]\nATTENTION: Ne repete'
2026-07-16 12:35:29,586 [INFO] [execute] Fenetre ID: 20971580
2026-07-16 12:35:29,587 [INFO] [execute] Clic saisie: 402,526
2026-07-16 12:35:29,588 [INFO] [click] Absolu: 402,626
2026-07-16 12:35:30,310 [INFO] [execute] Collage prompt
2026-07-16 12:35:35,315 [WARNING] [subprocess] timeout: ['xclip', '-selection', 'c', '-i', '/tmp/tmpijhr1fok.txt']
2026-07-16 12:35:35,417 [INFO] [type] Collage: [ACTIONS REUSSIES - Etape 26]
ATTENTION: Ne repete...
2026-07-16 12:35:35,603 [INFO] [type] Collage OK
2026-07-16 12:35:35,905 [INFO] [execute] Clic send: 1129,589
2026-07-16 12:35:35,906 [INFO] [click] Absolu: 1129,689
2026-07-16 12:35:39,118 [INFO] [execute] Tentative copy 1/12...
2026-07-16 12:35:39,118 [INFO] [click] Absolu: 401,540
2026-07-16 12:35:42,683 [INFO] [execute] Tentative copy 2/12...
2026-07-16 12:35:42,684 [INFO] [click] Absolu: 401,540
2026-07-16 12:35:43,777 [INFO] [execute] Reponse (xdotool) apres 14218ms
2026-07-16 12:35:44,531 [INFO] [worker] Execution tache chatcmpl-01a28e940c2f4318bbc89a6b sur chat_deepseek_com
2026-07-16 12:35:44,532 [INFO] [execute] page=chat_deepseek_com task=chatcmpl-01a28e940c2f4318bbc89a6b prompt='[ACTIONS REUSSIES - Etape 27]\nATTENTION: Ne repete'
2026-07-16 12:35:44,561 [INFO] [execute] Fenetre ID: 20971580
2026-07-16 12:35:44,562 [INFO] [execute] Clic saisie: 402,526
2026-07-16 12:35:44,562 [INFO] [click] Absolu: 402,626
2026-07-16 12:35:45,285 [INFO] [execute] Collage prompt
2026-07-16 12:35:50,291 [WARNING] [subprocess] timeout: ['xclip', '-selection', 'c', '-i', '/tmp/tmpr5sw5i6o.txt']
2026-07-16 12:35:50,392 [INFO] [type] Collage: [ACTIONS REUSSIES - Etape 27]
ATTENTION: Ne repete...
2026-07-16 12:35:50,587 [INFO] [type] Collage OK
2026-07-16 12:35:50,888 [INFO] [execute] Clic send: 1129,589
2026-07-16 12:35:50,906 [INFO] [click] Absolu: 1129,689
2026-07-16 12:35:54,122 [INFO] [execute] Tentative copy 1/12...
2026-07-16 12:35:54,122 [INFO] [click] Absolu: 401,540
2026-07-16 12:35:57,688 [INFO] [execute] Tentative copy 2/12...
2026-07-16 12:35:57,689 [INFO] [click] Absolu: 401,540
2026-07-16 12:35:58,774 [INFO] [execute] Reponse (xdotool) apres 14241ms
2026-07-16 12:35:59,498 [INFO] [worker] Execution tache chatcmpl-d262f879300a4d85815c4517 sur chat_deepseek_com
2026-07-16 12:35:59,501 [INFO] [execute] page=chat_deepseek_com task=chatcmpl-d262f879300a4d85815c4517 prompt='[ACTIONS REUSSIES - Etape 28]\nATTENTION: Ne repete'
2026-07-16 12:35:59,529 [INFO] [execute] Fenetre ID: 20971580
2026-07-16 12:35:59,530 [INFO] [execute] Clic saisie: 402,526
2026-07-16 12:35:59,531 [INFO] [click] Absolu: 402,626
2026-07-16 12:36:00,256 [INFO] [execute] Collage prompt
2026-07-16 12:36:05,263 [WARNING] [subprocess] timeout: ['xclip', '-selection', 'c', '-i', '/tmp/tmpaos2ze2_.txt']
2026-07-16 12:36:05,364 [INFO] [type] Collage: [ACTIONS REUSSIES - Etape 28]
ATTENTION: Ne repete...
2026-07-16 12:36:05,559 [INFO] [type] Collage OK
2026-07-16 12:36:05,859 [INFO] [execute] Clic send: 1129,589
2026-07-16 12:36:05,860 [INFO] [click] Absolu: 1129,689
2026-07-16 12:36:09,080 [INFO] [execute] Tentative copy 1/12...
2026-07-16 12:36:09,080 [INFO] [click] Absolu: 401,540
2026-07-16 12:36:12,637 [INFO] [execute] Tentative copy 2/12...
2026-07-16 12:36:12,637 [INFO] [click] Absolu: 401,540
2026-07-16 12:36:13,731 [INFO] [execute] Reponse (xdotool) apres 14230ms
2026-07-16 12:36:14,606 [INFO] [worker] Execution tache chatcmpl-83de5bbfe15c4d1abc12d26f sur chat_deepseek_com
2026-07-16 12:36:14,609 [INFO] [execute] page=chat_deepseek_com task=chatcmpl-83de5bbfe15c4d1abc12d26f prompt='[ACTIONS REUSSIES - Etape 29]\nATTENTION: Ne repete'
2026-07-16 12:36:14,633 [INFO] [execute] Fenetre ID: 20971580
2026-07-16 12:36:14,633 [INFO] [execute] Clic saisie: 402,526
2026-07-16 12:36:14,633 [INFO] [click] Absolu: 402,626
2026-07-16 12:36:15,354 [INFO] [execute] Collage prompt
2026-07-16 12:36:20,363 [WARNING] [subprocess] timeout: ['xclip', '-selection', 'c', '-i', '/tmp/tmp2es2_po7.txt']
2026-07-16 12:36:20,465 [INFO] [type] Collage: [ACTIONS REUSSIES - Etape 29]
ATTENTION: Ne repete...
2026-07-16 12:36:20,649 [INFO] [type] Collage OK
2026-07-16 12:36:20,951 [INFO] [execute] Clic send: 1129,589
2026-07-16 12:36:20,962 [INFO] [click] Absolu: 1129,689
2026-07-16 12:36:24,177 [INFO] [execute] Tentative copy 1/12...
2026-07-16 12:36:24,178 [INFO] [click] Absolu: 401,540
2026-07-16 12:36:27,761 [INFO] [execute] Tentative copy 2/12...
2026-07-16 12:36:27,762 [INFO] [click] Absolu: 401,540
2026-07-16 12:36:28,842 [INFO] [execute] Reponse (xdotool) apres 14230ms
2026-07-16 12:36:29,564 [INFO] [worker] Execution tache chatcmpl-61da513eff614ffca1151d01 sur chat_deepseek_com
2026-07-16 12:36:29,565 [INFO] [execute] page=chat_deepseek_com task=chatcmpl-61da513eff614ffca1151d01 prompt='[ACTIONS REUSSIES - Etape 30]\nATTENTION: Ne repete'
2026-07-16 12:36:29,593 [INFO] [execute] Fenetre ID: 20971580
2026-07-16 12:36:29,594 [INFO] [execute] Clic saisie: 402,526
2026-07-16 12:36:29,594 [INFO] [click] Absolu: 402,626
2026-07-16 12:36:30,316 [INFO] [execute] Collage prompt
2026-07-16 12:36:35,324 [WARNING] [subprocess] timeout: ['xclip', '-selection', 'c', '-i', '/tmp/tmp6f3hzyus.txt']
2026-07-16 12:36:35,426 [INFO] [type] Collage: [ACTIONS REUSSIES - Etape 30]
ATTENTION: Ne repete...
2026-07-16 12:36:35,610 [INFO] [type] Collage OK
2026-07-16 12:36:35,911 [INFO] [execute] Clic send: 1129,589
2026-07-16 12:36:35,911 [INFO] [click] Absolu: 1129,689
2026-07-16 12:36:39,124 [INFO] [execute] Tentative copy 1/12...
2026-07-16 12:36:39,124 [INFO] [click] Absolu: 401,540
2026-07-16 12:36:42,685 [INFO] [execute] Tentative copy 2/12...
2026-07-16 12:36:42,686 [INFO] [click] Absolu: 401,540
2026-07-16 12:36:43,778 [INFO] [execute] Reponse (xdotool) apres 14214ms
2026-07-16 12:36:44,833 [INFO] [worker] Execution tache chatcmpl-bd60527419614f019372d5ce sur chat_deepseek_com
2026-07-16 12:36:44,837 [INFO] [execute] page=chat_deepseek_com task=chatcmpl-bd60527419614f019372d5ce prompt='[ACTIONS REUSSIES - Etape 31]\nATTENTION: Ne repete'
2026-07-16 12:36:44,876 [INFO] [execute] Fenetre ID: 20971580
2026-07-16 12:36:44,878 [INFO] [execute] Clic saisie: 402,526
2026-07-16 12:36:44,880 [INFO] [click] Absolu: 402,626
2026-07-16 12:36:45,604 [INFO] [execute] Collage prompt
2026-07-16 12:36:50,610 [WARNING] [subprocess] timeout: ['xclip', '-selection', 'c', '-i', '/tmp/tmptujrb5q1.txt']
2026-07-16 12:36:50,711 [INFO] [type] Collage: [ACTIONS REUSSIES - Etape 31]
ATTENTION: Ne repete...
2026-07-16 12:36:50,913 [INFO] [type] Collage OK
2026-07-16 12:36:51,214 [INFO] [execute] Clic send: 1129,589
2026-07-16 12:36:51,227 [INFO] [click] Absolu: 1129,689
2026-07-16 12:36:54,448 [INFO] [execute] Tentative copy 1/12...
2026-07-16 12:36:54,449 [INFO] [click] Absolu: 401,540
2026-07-16 12:36:55,499 [INFO] [execute] Reponse (xdotool) apres 10662ms
2026-07-16 12:36:56,227 [INFO] [worker] Execution tache chatcmpl-422112df171548d18a0e96f5 sur chat_deepseek_com
2026-07-16 12:36:56,231 [INFO] [execute] page=chat_deepseek_com task=chatcmpl-422112df171548d18a0e96f5 prompt='[ACTIONS REUSSIES - Etape 32]\nATTENTION: Ne repete'
2026-07-16 12:36:56,260 [INFO] [execute] Fenetre ID: 20971580
2026-07-16 12:36:56,260 [INFO] [execute] Clic saisie: 402,526
2026-07-16 12:36:56,260 [INFO] [click] Absolu: 402,626
2026-07-16 12:36:56,981 [INFO] [execute] Collage prompt
2026-07-16 12:37:01,985 [WARNING] [subprocess] timeout: ['xclip', '-selection', 'c', '-i', '/tmp/tmpvf52ybfv.txt']
2026-07-16 12:37:02,086 [INFO] [type] Collage: [ACTIONS REUSSIES - Etape 32]
ATTENTION: Ne repete...
2026-07-16 12:37:02,276 [INFO] [type] Collage OK
2026-07-16 12:37:02,578 [INFO] [execute] Clic send: 1129,589
2026-07-16 12:37:02,578 [INFO] [click] Absolu: 1129,689
2026-07-16 12:37:05,793 [INFO] [execute] Tentative copy 1/12...
2026-07-16 12:37:05,793 [INFO] [click] Absolu: 401,540
2026-07-16 12:37:06,862 [INFO] [execute] Reponse (xdotool) apres 10631ms
2026-07-16 12:37:07,603 [INFO] [worker] Execution tache chatcmpl-d4a583e293d042eb9cb648f4 sur chat_deepseek_com
2026-07-16 12:37:07,605 [INFO] [execute] page=chat_deepseek_com task=chatcmpl-d4a583e293d042eb9cb648f4 prompt='[ACTIONS REUSSIES - Etape 33]\nATTENTION: Ne repete'
2026-07-16 12:37:07,640 [INFO] [execute] Fenetre ID: 20971580
2026-07-16 12:37:07,641 [INFO] [execute] Clic saisie: 402,526
2026-07-16 12:37:07,647 [INFO] [click] Absolu: 402,626
2026-07-16 12:37:08,369 [INFO] [execute] Collage prompt
2026-07-16 12:37:13,375 [WARNING] [subprocess] timeout: ['xclip', '-selection', 'c', '-i', '/tmp/tmpj_9hopd0.txt']
2026-07-16 12:37:13,475 [INFO] [type] Collage: [ACTIONS REUSSIES - Etape 33]
ATTENTION: Ne repete...
2026-07-16 12:37:13,665 [INFO] [type] Collage OK
2026-07-16 12:37:13,967 [INFO] [execute] Clic send: 1129,589
2026-07-16 12:37:13,968 [INFO] [click] Absolu: 1129,689
2026-07-16 12:37:17,182 [INFO] [execute] Tentative copy 1/12...
2026-07-16 12:37:17,182 [INFO] [click] Absolu: 401,540
2026-07-16 12:37:18,254 [INFO] [execute] Reponse (xdotool) apres 10648ms
2026-07-16 12:37:18,965 [INFO] [worker] Execution tache chatcmpl-05da934c9ad24976823885f7 sur chat_deepseek_com
2026-07-16 12:37:18,968 [INFO] [execute] page=chat_deepseek_com task=chatcmpl-05da934c9ad24976823885f7 prompt='[ACTIONS REUSSIES - Etape 34]\nATTENTION: Ne repete'
2026-07-16 12:37:18,993 [INFO] [execute] Fenetre ID: 20971580
2026-07-16 12:37:18,994 [INFO] [execute] Clic saisie: 402,526
2026-07-16 12:37:18,994 [INFO] [click] Absolu: 402,626
2026-07-16 12:37:19,717 [INFO] [execute] Collage prompt
2026-07-16 12:37:24,723 [WARNING] [subprocess] timeout: ['xclip', '-selection', 'c', '-i', '/tmp/tmph9viw1jp.txt']
2026-07-16 12:37:24,824 [INFO] [type] Collage: [ACTIONS REUSSIES - Etape 34]
ATTENTION: Ne repete...
2026-07-16 12:37:25,025 [INFO] [type] Collage OK
2026-07-16 12:37:25,327 [INFO] [execute] Clic send: 1129,589
2026-07-16 12:37:25,339 [INFO] [click] Absolu: 1129,689
2026-07-16 12:37:28,566 [INFO] [execute] Tentative copy 1/12...
2026-07-16 12:37:28,566 [INFO] [click] Absolu: 401,540
2026-07-16 12:37:29,622 [INFO] [execute] Reponse (xdotool) apres 10654ms
2026-07-16 12:37:30,332 [INFO] [worker] Execution tache chatcmpl-cf980173a5e6471b8d4e7007 sur chat_deepseek_com
2026-07-16 12:37:30,335 [INFO] [execute] page=chat_deepseek_com task=chatcmpl-cf980173a5e6471b8d4e7007 prompt='[ACTIONS REUSSIES - Etape 35]\nATTENTION: Ne repete'
2026-07-16 12:37:30,362 [INFO] [execute] Fenetre ID: 20971580
2026-07-16 12:37:30,363 [INFO] [execute] Clic saisie: 402,526
2026-07-16 12:37:30,363 [INFO] [click] Absolu: 402,626
2026-07-16 12:37:31,083 [INFO] [execute] Collage prompt
2026-07-16 12:37:36,091 [WARNING] [subprocess] timeout: ['xclip', '-selection', 'c', '-i', '/tmp/tmp28674dh3.txt']
2026-07-16 12:37:36,192 [INFO] [type] Collage: [ACTIONS REUSSIES - Etape 35]
ATTENTION: Ne repete...
2026-07-16 12:37:36,373 [INFO] [type] Collage OK
2026-07-16 12:37:36,673 [INFO] [execute] Clic send: 1129,589
2026-07-16 12:37:36,674 [INFO] [click] Absolu: 1129,689
2026-07-16 12:37:39,888 [INFO] [execute] Tentative copy 1/12...
2026-07-16 12:37:39,889 [INFO] [click] Absolu: 401,540
2026-07-16 12:37:40,945 [INFO] [execute] Reponse (xdotool) apres 10610ms
2026-07-16 12:37:41,722 [INFO] [worker] Execution tache chatcmpl-4b5ee03235174896a9de57cc sur chat_deepseek_com
2026-07-16 12:37:41,726 [INFO] [execute] page=chat_deepseek_com task=chatcmpl-4b5ee03235174896a9de57cc prompt='[ACTIONS REUSSIES - Etape 36]\nATTENTION: Ne repete'
2026-07-16 12:37:41,760 [INFO] [execute] Fenetre ID: 20971580
2026-07-16 12:37:41,761 [INFO] [execute] Clic saisie: 402,526
2026-07-16 12:37:41,762 [INFO] [click] Absolu: 402,626
2026-07-16 12:37:42,489 [INFO] [execute] Collage prompt
2026-07-16 12:37:47,497 [WARNING] [subprocess] timeout: ['xclip', '-selection', 'c', '-i', '/tmp/tmpqt28wfjk.txt']
2026-07-16 12:37:47,598 [INFO] [type] Collage: [ACTIONS REUSSIES - Etape 36]
ATTENTION: Ne repete...
2026-07-16 12:37:47,789 [INFO] [type] Collage OK
2026-07-16 12:37:48,090 [INFO] [execute] Clic send: 1129,589
2026-07-16 12:37:48,091 [INFO] [click] Absolu: 1129,689
2026-07-16 12:37:51,306 [INFO] [execute] Tentative copy 1/12...
2026-07-16 12:37:51,307 [INFO] [click] Absolu: 401,540
2026-07-16 12:37:54,894 [INFO] [execute] Tentative copy 2/12...
2026-07-16 12:37:54,894 [INFO] [click] Absolu: 401,540
2026-07-16 12:37:55,970 [INFO] [execute] Reponse (xdotool) apres 14243ms
2026-07-16 12:37:56,702 [INFO] [worker] Execution tache chatcmpl-e92ac2c74ace4553a066782d sur chat_deepseek_com
2026-07-16 12:37:56,705 [INFO] [execute] page=chat_deepseek_com task=chatcmpl-e92ac2c74ace4553a066782d prompt='[ACTIONS REUSSIES - Etape 37]\nATTENTION: Ne repete'
2026-07-16 12:37:56,730 [INFO] [execute] Fenetre ID: 20971580
2026-07-16 12:37:56,731 [INFO] [execute] Clic saisie: 402,526
2026-07-16 12:37:56,752 [INFO] [click] Absolu: 402,626
2026-07-16 12:37:57,469 [INFO] [execute] Collage prompt
2026-07-16 12:38:02,477 [WARNING] [subprocess] timeout: ['xclip', '-selection', 'c', '-i', '/tmp/tmp52c5hc_u.txt']
2026-07-16 12:38:02,579 [INFO] [type] Collage: [ACTIONS REUSSIES - Etape 37]
ATTENTION: Ne repete...
2026-07-16 12:38:02,770 [INFO] [type] Collage OK
2026-07-16 12:38:03,073 [INFO] [execute] Clic send: 1129,589
2026-07-16 12:38:03,074 [INFO] [click] Absolu: 1129,689
2026-07-16 12:38:06,296 [INFO] [execute] Tentative copy 1/12...
2026-07-16 12:38:06,296 [INFO] [click] Absolu: 401,540
2026-07-16 12:38:07,390 [INFO] [execute] Reponse (xdotool) apres 10685ms
2026-07-16 12:38:08,064 [INFO] [worker] Execution tache chatcmpl-d43621187ffd49d89537cce1 sur chat_deepseek_com
2026-07-16 12:38:08,068 [INFO] [execute] page=chat_deepseek_com task=chatcmpl-d43621187ffd49d89537cce1 prompt='[ACTIONS REUSSIES - Etape 38]\nATTENTION: Ne repete'
2026-07-16 12:38:08,096 [INFO] [execute] Fenetre ID: 20971580
2026-07-16 12:38:08,097 [INFO] [execute] Clic saisie: 402,526
2026-07-16 12:38:08,097 [INFO] [click] Absolu: 402,626
2026-07-16 12:38:08,821 [INFO] [execute] Collage prompt
2026-07-16 12:38:13,824 [WARNING] [subprocess] timeout: ['xclip', '-selection', 'c', '-i', '/tmp/tmpcto443t0.txt']
2026-07-16 12:38:13,926 [INFO] [type] Collage: [ACTIONS REUSSIES - Etape 38]
ATTENTION: Ne repete...
2026-07-16 12:38:14,117 [INFO] [type] Collage OK
2026-07-16 12:38:14,419 [INFO] [execute] Clic send: 1129,589
2026-07-16 12:38:14,419 [INFO] [click] Absolu: 1129,689
2026-07-16 12:38:17,647 [INFO] [execute] Tentative copy 1/12...
2026-07-16 12:38:17,647 [INFO] [click] Absolu: 401,540
2026-07-16 12:38:21,215 [INFO] [execute] Tentative copy 2/12...
2026-07-16 12:38:21,215 [INFO] [click] Absolu: 401,540
2026-07-16 12:38:22,306 [INFO] [execute] Reponse (xdotool) apres 14238ms
2026-07-16 12:38:23,045 [INFO] [worker] Execution tache chatcmpl-d97032ad9cd84a418793080d sur chat_deepseek_com
2026-07-16 12:38:23,049 [INFO] [execute] page=chat_deepseek_com task=chatcmpl-d97032ad9cd84a418793080d prompt='[ACTIONS REUSSIES - Etape 39]\nATTENTION: Ne repete'
2026-07-16 12:38:23,076 [INFO] [execute] Fenetre ID: 20971580
2026-07-16 12:38:23,077 [INFO] [execute] Clic saisie: 402,526
2026-07-16 12:38:23,078 [INFO] [click] Absolu: 402,626
2026-07-16 12:38:23,802 [INFO] [execute] Collage prompt
2026-07-16 12:38:28,810 [WARNING] [subprocess] timeout: ['xclip', '-selection', 'c', '-i', '/tmp/tmp2ilqv40a.txt']
2026-07-16 12:38:28,911 [INFO] [type] Collage: [ACTIONS REUSSIES - Etape 39]
ATTENTION: Ne repete...
2026-07-16 12:38:29,103 [INFO] [type] Collage OK
2026-07-16 12:38:29,405 [INFO] [execute] Clic send: 1129,589
2026-07-16 12:38:29,417 [INFO] [click] Absolu: 1129,689
2026-07-16 12:38:32,633 [INFO] [execute] Tentative copy 1/12...
2026-07-16 12:38:32,634 [INFO] [click] Absolu: 401,540
2026-07-16 12:38:36,197 [INFO] [execute] Tentative copy 2/12...
2026-07-16 12:38:36,198 [INFO] [click] Absolu: 401,540
2026-07-16 12:38:37,273 [INFO] [execute] Reponse (xdotool) apres 14224ms
2026-07-16 12:38:38,041 [INFO] [worker] Execution tache chatcmpl-adc2773a10374067ab89af44 sur chat_deepseek_com
2026-07-16 12:38:38,043 [INFO] [execute] page=chat_deepseek_com task=chatcmpl-adc2773a10374067ab89af44 prompt='[ACTIONS REUSSIES - Etape 40]\nATTENTION: Ne repete'
2026-07-16 12:38:38,064 [INFO] [execute] Fenetre ID: 20971580
2026-07-16 12:38:38,065 [INFO] [execute] Clic saisie: 402,526
2026-07-16 12:38:38,066 [INFO] [click] Absolu: 402,626
2026-07-16 12:38:38,787 [INFO] [execute] Collage prompt
2026-07-16 12:38:43,793 [WARNING] [subprocess] timeout: ['xclip', '-selection', 'c', '-i', '/tmp/tmpuuwlwf1_.txt']
2026-07-16 12:38:43,895 [INFO] [type] Collage: [ACTIONS REUSSIES - Etape 40]
ATTENTION: Ne repete...
2026-07-16 12:38:44,078 [INFO] [type] Collage OK
2026-07-16 12:38:44,380 [INFO] [execute] Clic send: 1129,589
2026-07-16 12:38:44,380 [INFO] [click] Absolu: 1129,689
2026-07-16 12:38:47,594 [INFO] [execute] Tentative copy 1/12...
2026-07-16 12:38:47,594 [INFO] [click] Absolu: 401,540
2026-07-16 12:38:51,147 [INFO] [execute] Tentative copy 2/12...
2026-07-16 12:38:51,148 [INFO] [click] Absolu: 401,540
2026-07-16 12:38:52,231 [INFO] [execute] Reponse (xdotool) apres 14187ms
2026-07-16 12:38:53,009 [INFO] [worker] Execution tache chatcmpl-ef2693476b694c50ab13f06a sur chat_deepseek_com
2026-07-16 12:38:53,013 [INFO] [execute] page=chat_deepseek_com task=chatcmpl-ef2693476b694c50ab13f06a prompt='[ACTIONS REUSSIES - Etape 41]\nATTENTION: Ne repete'
2026-07-16 12:38:53,038 [INFO] [execute] Fenetre ID: 20971580
2026-07-16 12:38:53,041 [INFO] [execute] Clic saisie: 402,526
2026-07-16 12:38:53,041 [INFO] [click] Absolu: 402,626
2026-07-16 12:38:53,762 [INFO] [execute] Collage prompt
2026-07-16 12:38:58,769 [WARNING] [subprocess] timeout: ['xclip', '-selection', 'c', '-i', '/tmp/tmp1iv72okg.txt']
2026-07-16 12:38:58,870 [INFO] [type] Collage: [ACTIONS REUSSIES - Etape 41]
ATTENTION: Ne repete...
2026-07-16 12:38:59,054 [INFO] [type] Collage OK
2026-07-16 12:38:59,356 [INFO] [execute] Clic send: 1129,589
2026-07-16 12:38:59,356 [INFO] [click] Absolu: 1129,689
2026-07-16 12:39:02,579 [INFO] [execute] Tentative copy 1/12...
2026-07-16 12:39:02,591 [INFO] [click] Absolu: 401,540
2026-07-16 12:39:06,145 [INFO] [execute] Tentative copy 2/12...
2026-07-16 12:39:06,146 [INFO] [click] Absolu: 401,540
2026-07-16 12:39:07,242 [INFO] [execute] Reponse (xdotool) apres 14229ms
2026-07-16 12:39:07,981 [INFO] [worker] Execution tache chatcmpl-b0fc0e2c5ced4995ac841000 sur chat_deepseek_com
2026-07-16 12:39:07,985 [INFO] [execute] page=chat_deepseek_com task=chatcmpl-b0fc0e2c5ced4995ac841000 prompt='[ACTIONS REUSSIES - Etape 42]\nATTENTION: Ne repete'
2026-07-16 12:39:08,012 [INFO] [execute] Fenetre ID: 20971580
2026-07-16 12:39:08,014 [INFO] [execute] Clic saisie: 402,526
2026-07-16 12:39:08,014 [INFO] [click] Absolu: 402,626
2026-07-16 12:39:08,736 [INFO] [execute] Collage prompt
2026-07-16 12:39:13,744 [WARNING] [subprocess] timeout: ['xclip', '-selection', 'c', '-i', '/tmp/tmp59feho2c.txt']
2026-07-16 12:39:13,846 [INFO] [type] Collage: [ACTIONS REUSSIES - Etape 42]
ATTENTION: Ne repete...
2026-07-16 12:39:14,032 [INFO] [type] Collage OK
2026-07-16 12:39:14,333 [INFO] [execute] Clic send: 1129,589
2026-07-16 12:39:14,334 [INFO] [click] Absolu: 1129,689
2026-07-16 12:39:17,546 [INFO] [execute] Tentative copy 1/12...
2026-07-16 12:39:17,547 [INFO] [click] Absolu: 401,540
2026-07-16 12:39:21,104 [INFO] [execute] Tentative copy 2/12...
2026-07-16 12:39:21,105 [INFO] [click] Absolu: 401,540
2026-07-16 12:39:22,197 [INFO] [execute] Reponse (xdotool) apres 14212ms
2026-07-16 12:39:23,103 [INFO] [worker] Execution tache chatcmpl-f09a04590e8049e9a895cada sur chat_deepseek_com
2026-07-16 12:39:23,107 [INFO] [execute] page=chat_deepseek_com task=chatcmpl-f09a04590e8049e9a895cada prompt='[ACTIONS REUSSIES - Etape 43]\nATTENTION: Ne repete'
2026-07-16 12:39:23,134 [INFO] [execute] Fenetre ID: 20971580
2026-07-16 12:39:23,134 [INFO] [execute] Clic saisie: 402,526
2026-07-16 12:39:23,134 [INFO] [click] Absolu: 402,626
2026-07-16 12:39:23,854 [INFO] [execute] Collage prompt
2026-07-16 12:39:28,861 [WARNING] [subprocess] timeout: ['xclip', '-selection', 'c', '-i', '/tmp/tmpo1206a9q.txt']
2026-07-16 12:39:28,961 [INFO] [type] Collage: [ACTIONS REUSSIES - Etape 43]
ATTENTION: Ne repete...
2026-07-16 12:39:29,154 [INFO] [type] Collage OK
2026-07-16 12:39:29,457 [INFO] [execute] Clic send: 1129,589
2026-07-16 12:39:29,458 [INFO] [click] Absolu: 1129,689
2026-07-16 12:39:32,679 [INFO] [execute] Tentative copy 1/12...
2026-07-16 12:39:32,692 [INFO] [click] Absolu: 401,540
2026-07-16 12:39:33,770 [INFO] [execute] Reponse (xdotool) apres 10664ms
